timestamp,open,high,low,close,volume
2025-12-07 16:15:00+00:00,3006.32,3024.43,3000.81,3017.19,9606.3607
2025-12-07 16:30:00+00:00,3017.18,3021.78,3010.69,3018.12,6438.5962
2025-12-07 16:45:00+00:00,3018.12,3040.5,3013.69,3039.97,6514.9225
2025-12-07 17:00:00+00:00,3039.98,3044.4,3025.01,3039.7,8877.2392
2025-12-07 17:15:00+00:00,3039.71,3105.9,3039.36,3104.31,27247.8577
2025-12-07 17:30:00+00:00,3104.31,3134.57,3104.31,3112.3,17889.6138
2025-12-07 17:45:00+00:00,3112.3,3121.31,3106.73,3112.96,5485.8186
2025-12-07 18:00:00+00:00,3112.95,3132.6,3112.85,3124.62,5420.6658
2025-12-07 18:15:00+00:00,3124.61,3150.0,3119.22,3143.53,6800.0242
2025-12-07 18:30:00+00:00,3143.53,3149.04,3129.5,3133.38,4974.8295
2025-12-07 18:45:00+00:00,3133.38,3140.27,3127.32,3128.78,2871.6038
2025-12-07 19:00:00+00:00,3128.78,3134.31,3121.59,3130.32,3152.8926
2025-12-07 19:15:00+00:00,3130.31,3133.18,3124.01,3127.15,1343.1313
2025-12-07 19:30:00+00:00,3127.14,3139.87,3126.76,3139.0,2144.6286
2025-12-07 19:45:00+00:00,3139.01,3142.53,3133.93,3137.92,1131.1678
2025-12-07 20:00:00+00:00,3137.91,3141.23,3132.0,3135.84,1465.6442
2025-12-07 20:15:00+00:00,3135.85,3147.36,3135.77,3142.84,1880.7559
2025-12-07 20:30:00+00:00,3142.83,3143.69,3136.09,3142.78,1467.7636
2025-12-07 20:45:00+00:00,3142.77,3143.05,3138.34,3141.19,938.3584
2025-12-07 21:00:00+00:00,3141.2,3141.2,3127.68,3131.16,2321.8926
2025-12-07 21:15:00+00:00,3131.16,3133.13,3116.55,3118.18,2873.2432
2025-12-07 21:30:00+00:00,3118.18,3129.89,3103.59,3107.02,4374.4347
2025-12-07 21:45:00+00:00,3107.02,3107.64,3069.4,3085.35,9812.969
2025-12-07 22:00:00+00:00,3085.34,3086.37,3023.2,3043.62,14602.8739
2025-12-07 22:15:00+00:00,3043.62,3049.74,3029.71,3045.77,5403.2777
2025-12-07 22:30:00+00:00,3045.76,3063.99,3037.0,3053.9,4718.2659
2025-12-07 22:45:00+00:00,3053.91,3062.57,3013.73,3033.59,5039.7509
2025-12-07 23:00:00+00:00,3033.59,3043.43,3025.5,3033.37,3208.9853
2025-12-07 23:15:00+00:00,3033.38,3049.81,3033.38,3047.59,2672.015
2025-12-07 23:30:00+00:00,3047.58,3049.96,3036.18,3040.85,3070.2887
2025-12-07 23:45:00+00:00,3040.85,3064.88,3039.0,3059.85,5069.2344
2025-12-08 00:00:00+00:00,3059.86,3060.42,3045.9,3047.08,3087.2965
2025-12-08 00:15:00+00:00,3047.07,3057.99,3040.87,3057.32,1898.5003
2025-12-08 00:30:00+00:00,3057.33,3076.42,3054.72,3066.33,3947.6172
2025-12-08 00:45:00+00:00,3066.33,3068.43,3058.89,3063.23,2170.8788
2025-12-08 01:00:00+00:00,3063.23,3082.84,3062.74,3077.72,3669.7025
2025-12-08 01:15:00+00:00,3077.72,3110.68,3070.92,3104.41,10075.3919
2025-12-08 01:30:00+00:00,3104.4,3134.73,3104.4,3117.06,11363.0024
2025-12-08 01:45:00+00:00,3117.06,3119.07,3094.4,3098.25,6939.5132
2025-12-08 02:00:00+00:00,3098.26,3109.14,3092.4,3100.47,3758.5138
2025-12-08 02:15:00+00:00,3100.47,3106.12,3097.63,3099.38,2689.2348
2025-12-08 02:30:00+00:00,3099.38,3104.37,3092.4,3099.64,1823.6955
2025-12-08 02:45:00+00:00,3099.63,3114.99,3098.12,3109.77,2039.6346
2025-12-08 03:00:00+00:00,3109.78,3113.75,3101.55,3103.32,1504.9154
2025-12-08 03:15:00+00:00,3103.31,3119.95,3102.41,3115.12,2442.3722
2025-12-08 03:30:00+00:00,3115.13,3120.5,3104.18,3104.95,3651.8179
2025-12-08 03:45:00+00:00,3104.94,3113.23,3103.03,3111.01,1377.8134
2025-12-08 04:00:00+00:00,3111.01,3117.72,3108.53,3112.5,2181.0931
2025-12-08 04:15:00+00:00,3112.5,3123.0,3110.24,3118.82,1926.6423
2025-12-08 04:30:00+00:00,3118.79,3138.05,3118.79,3124.9,5885.3863
2025-12-08 04:45:00+00:00,3124.9,3130.9,3120.0,3128.44,2182.7182
2025-12-08 05:00:00+00:00,3128.45,3128.54,3121.59,3126.05,2585.0453
2025-12-08 05:15:00+00:00,3126.06,3137.48,3122.32,3132.57,2635.6366
2025-12-08 05:30:00+00:00,3132.58,3140.5,3130.91,3132.74,2850.3975
2025-12-08 05:45:00+00:00,3132.74,3138.17,3128.93,3130.63,3878.7517
2025-12-08 06:00:00+00:00,3130.63,3136.42,3124.47,3127.21,13620.5972
2025-12-08 06:15:00+00:00,3127.22,3129.95,3122.01,3124.1,3630.0522
2025-12-08 06:30:00+00:00,3124.09,3136.97,3124.09,3135.12,3303.3465
2025-12-08 06:45:00+00:00,3135.13,3140.2,3128.66,3130.53,2505.023
2025-12-08 07:00:00+00:00,3130.53,3133.94,3123.02,3127.57,2308.1925
2025-12-08 07:15:00+00:00,3127.57,3136.0,3123.84,3134.13,1460.4818
2025-12-08 07:30:00+00:00,3134.14,3138.15,3130.0,3132.86,6285.0356
2025-12-08 07:45:00+00:00,3132.86,3135.28,3128.0,3134.31,7943.5054
2025-12-08 08:00:00+00:00,3134.31,3134.99,3128.67,3131.11,2421.7445
2025-12-08 08:15:00+00:00,3131.1,3136.61,3129.51,3132.24,1860.1178
2025-12-08 08:30:00+00:00,3132.24,3136.19,3125.1,3135.5,2962.5403
2025-12-08 08:45:00+00:00,3135.49,3146.64,3130.7,3143.77,4942.8106
2025-12-08 09:00:00+00:00,3143.77,3180.51,3141.08,3165.39,16414.2385
2025-12-08 09:15:00+00:00,3165.39,3165.39,3154.26,3159.04,5221.7602
2025-12-08 09:30:00+00:00,3159.03,3167.66,3154.62,3159.38,3218.062
2025-12-08 09:45:00+00:00,3159.37,3159.57,3154.05,3158.69,2046.8401
2025-12-08 10:00:00+00:00,3158.69,3165.14,3153.42,3157.85,3656.016
2025-12-08 10:15:00+00:00,3157.84,3160.18,3153.58,3157.17,2337.492
2025-12-08 10:30:00+00:00,3157.17,3160.97,3153.87,3159.39,2120.9087
2025-12-08 10:45:00+00:00,3159.38,3161.46,3157.64,3160.46,1305.9107
2025-12-08 11:00:00+00:00,3160.47,3162.0,3155.11,3159.98,2634.4512
2025-12-08 11:15:00+00:00,3159.99,3164.02,3157.64,3158.65,2170.0113
2025-12-08 11:30:00+00:00,3158.65,3158.66,3143.03,3143.93,7939.9108
2025-12-08 11:45:00+00:00,3143.92,3144.49,3134.5,3142.25,5860.2275
2025-12-08 12:00:00+00:00,3142.25,3143.68,3135.33,3140.3,3554.3779
2025-12-08 12:15:00+00:00,3140.3,3142.31,3135.34,3140.39,2563.8113
2025-12-08 12:30:00+00:00,3140.4,3142.88,3123.71,3125.88,5583.7957
2025-12-08 12:45:00+00:00,3125.88,3132.3,3123.3,3131.57,8498.1514
2025-12-08 13:00:00+00:00,3131.57,3160.65,3129.52,3144.62,8644.6149
2025-12-08 13:15:00+00:00,3144.61,3150.61,3137.01,3143.12,3811.6953
2025-12-08 13:30:00+00:00,3143.12,3150.85,3131.8,3150.81,3650.0306
2025-12-08 13:45:00+00:00,3150.81,3156.66,3142.75,3145.84,3183.1329
2025-12-08 14:00:00+00:00,3145.83,3153.5,3142.24,3152.9,2459.4428
2025-12-08 14:15:00+00:00,3152.89,3154.88,3130.7,3146.08,3945.855
2025-12-08 14:30:00+00:00,3146.08,3178.42,3125.54,3169.0,21937.3902
2025-12-08 14:45:00+00:00,3168.97,3178.0,3127.68,3128.49,17098.9282
2025-12-08 15:00:00+00:00,3128.49,3139.15,3097.48,3109.9,15209.5726
2025-12-08 15:15:00+00:00,3109.9,3120.96,3092.4,3107.91,10770.7157
2025-12-08 15:30:00+00:00,3107.91,3123.23,3088.83,3092.53,8908.0124
2025-12-08 15:45:00+00:00,3092.53,3113.01,3090.56,3101.54,5470.2692
2025-12-08 16:00:00+00:00,3101.54,3109.42,3092.67,3099.97,7830.6814
2025-12-08 16:15:00+00:00,3099.97,3123.64,3094.02,3121.21,7800.206
2025-12-08 16:30:00+00:00,3121.2,3133.0,3115.11,3124.99,9246.8721
2025-12-08 16:45:00+00:00,3124.99,3125.06,3098.42,3107.9,7302.5956
2025-12-08 17:00:00+00:00,3107.9,3123.57,3099.0,3116.0,7543.4766
2025-12-08 17:15:00+00:00,3116.0,3120.08,3101.0,3106.88,3594.2099
2025-12-08 17:30:00+00:00,3106.87,3115.54,3099.02,3105.65,3348.2609
2025-12-08 17:45:00+00:00,3105.64,3129.32,3099.25,3120.61,4770.7962
2025-12-08 18:00:00+00:00,3120.61,3126.13,3114.15,3121.4,4088.3099
2025-12-08 18:15:00+00:00,3121.41,3133.0,3113.0,3114.49,5869.6315
2025-12-08 18:30:00+00:00,3114.49,3119.43,3104.28,3119.43,3471.1459
2025-12-08 18:45:00+00:00,3119.43,3127.19,3075.38,3092.58,10468.3626
2025-12-08 19:00:00+00:00,3092.57,3111.22,3090.41,3104.25,4787.1308
2025-12-08 19:15:00+00:00,3104.24,3115.0,3098.9,3114.23,3289.9863
2025-12-08 19:30:00+00:00,3114.22,3122.88,3111.47,3115.13,3194.7518
2025-12-08 19:45:00+00:00,3115.14,3128.47,3113.33,3118.64,2602.7072
2025-12-08 20:00:00+00:00,3118.65,3135.62,3118.64,3128.31,3934.7783
2025-12-08 20:15:00+00:00,3128.3,3135.2,3125.18,3126.92,1611.8975
2025-12-08 20:30:00+00:00,3126.93,3130.43,3121.36,3128.78,1663.427
2025-12-08 20:45:00+00:00,3128.79,3145.47,3125.35,3135.91,7502.9793
2025-12-08 21:00:00+00:00,3135.9,3141.49,3127.14,3128.18,2691.4015
2025-12-08 21:15:00+00:00,3128.18,3140.35,3126.69,3137.18,1540.1861
2025-12-08 21:30:00+00:00,3137.19,3153.0,3133.86,3142.3,5855.4674
2025-12-08 21:45:00+00:00,3142.3,3148.3,3138.55,3146.25,2038.7227
2025-12-08 22:00:00+00:00,3146.25,3147.32,3129.74,3132.11,2910.7666
2025-12-08 22:15:00+00:00,3132.1,3135.97,3128.57,3130.18,2289.9458
2025-12-08 22:30:00+00:00,3130.18,3131.35,3120.07,3124.54,2672.0385
2025-12-08 22:45:00+00:00,3124.53,3135.68,3124.53,3129.93,1269.4493
2025-12-08 23:00:00+00:00,3129.93,3136.87,3126.23,3127.21,1585.7038
2025-12-08 23:15:00+00:00,3127.22,3129.25,3112.88,3124.99,2333.6763
2025-12-08 23:30:00+00:00,3124.99,3128.28,3121.01,3124.2,1823.0366
2025-12-08 23:45:00+00:00,3124.2,3127.0,3122.77,3124.16,1862.9754
2025-12-09 00:00:00+00:00,3124.16,3131.0,3122.01,3131.0,1693.7147
2025-12-09 00:15:00+00:00,3130.99,3143.5,3129.6,3135.38,3052.4222
2025-12-09 00:30:00+00:00,3135.38,3135.38,3117.24,3121.86,3539.3005
2025-12-09 00:45:00+00:00,3121.87,3124.94,3114.16,3119.57,1876.6807
2025-12-09 01:00:00+00:00,3119.56,3123.33,3106.64,3115.52,3286.2141
2025-12-09 01:15:00+00:00,3115.53,3125.05,3109.33,3109.48,1917.5205
2025-12-09 01:30:00+00:00,3109.43,3114.06,3102.14,3107.39,2502.3088
2025-12-09 01:45:00+00:00,3107.39,3110.0,3098.45,3106.87,2565.261
2025-12-09 02:00:00+00:00,3106.86,3115.94,3103.17,3104.06,1479.1434
2025-12-09 02:15:00+00:00,3104.06,3113.86,3103.32,3111.46,1314.0335
2025-12-09 02:30:00+00:00,3111.45,3112.92,3103.47,3107.76,2081.4772
2025-12-09 02:45:00+00:00,3107.76,3113.79,3097.85,3098.62,3655.2587
2025-12-09 03:00:00+00:00,3098.61,3104.58,3096.1,3099.21,2019.7553
2025-12-09 03:15:00+00:00,3099.2,3104.28,3090.8,3101.61,4331.6714
2025-12-09 03:30:00+00:00,3101.61,3121.6,3100.45,3118.91,4582.5934
2025-12-09 03:45:00+00:00,3118.91,3129.27,3117.22,3129.26,2689.0661
2025-12-09 04:00:00+00:00,3129.27,3131.42,3122.95,3123.83,1910.2416
2025-12-09 04:15:00+00:00,3123.84,3129.03,3123.78,3126.5,1303.9051
2025-12-09 04:30:00+00:00,3126.48,3126.48,3103.68,3105.98,4153.06
2025-12-09 04:45:00+00:00,3105.97,3111.35,3104.01,3107.01,2182.3673
2025-12-09 05:00:00+00:00,3107.01,3109.4,3098.51,3102.42,2747.7498
2025-12-09 05:15:00+00:00,3102.42,3107.15,3095.12,3105.31,3861.5299
2025-12-09 05:30:00+00:00,3105.3,3117.98,3104.34,3114.65,4296.1922
2025-12-09 05:45:00+00:00,3114.66,3118.71,3105.0,3108.21,2523.7631
2025-12-09 06:00:00+00:00,3108.22,3115.99,3106.23,3107.69,2153.6907
2025-12-09 06:15:00+00:00,3107.69,3110.91,3099.4,3102.38,1999.2529
2025-12-09 06:30:00+00:00,3102.38,3105.39,3097.09,3105.38,4387.1877
2025-12-09 06:45:00+00:00,3105.39,3114.05,3101.49,3113.06,2910.9042
2025-12-09 07:00:00+00:00,3113.07,3118.61,3109.86,3111.92,5199.0122
2025-12-09 07:15:00+00:00,3111.93,3125.6,3111.43,3121.95,2528.0378
2025-12-09 07:30:00+00:00,3121.96,3127.12,3119.28,3124.83,1764.1286
2025-12-09 07:45:00+00:00,3124.83,3126.74,3121.76,3123.0,1748.299
2025-12-09 08:00:00+00:00,3123.0,3126.24,3118.3,3122.54,1311.0808
2025-12-09 08:15:00+00:00,3122.54,3130.0,3120.22,3120.22,1664.5849
2025-12-09 08:30:00+00:00,3120.22,3121.86,3115.25,3121.85,1496.5664
2025-12-09 08:45:00+00:00,3121.86,3126.43,3120.0,3120.97,1652.1881
2025-12-09 09:00:00+00:00,3120.98,3122.3,3115.04,3120.27,2148.7993
2025-12-09 09:15:00+00:00,3120.26,3123.34,3115.92,3116.42,1660.9429
2025-12-09 09:30:00+00:00,3116.42,3118.12,3104.54,3105.85,2315.2741
2025-12-09 09:45:00+00:00,3105.84,3110.11,3104.53,3106.0,1759.5248
2025-12-09 10:00:00+00:00,3106.01,3112.78,3100.0,3108.96,2724.1309
2025-12-09 10:15:00+00:00,3108.95,3112.11,3107.65,3111.2,642.8476
2025-12-09 10:30:00+00:00,3111.19,3114.4,3093.0,3102.52,3275.5203
2025-12-09 10:45:00+00:00,3102.52,3108.09,3099.84,3107.66,1414.4142
2025-12-09 11:00:00+00:00,3107.69,3109.75,3104.15,3106.52,1342.5577
2025-12-09 11:15:00+00:00,3106.52,3108.06,3100.79,3106.16,1544.5755
2025-12-09 11:30:00+00:00,3106.17,3109.14,3104.32,3109.11,1031.0881
2025-12-09 11:45:00+00:00,3109.12,3121.0,3109.11,3118.35,2072.3124
2025-12-09 12:00:00+00:00,3118.35,3120.99,3114.79,3116.49,1511.4691
2025-12-09 12:15:00+00:00,3116.5,3139.0,3116.5,3131.38,7132.9857
2025-12-09 12:30:00+00:00,3131.38,3134.93,3126.61,3134.39,3455.6502
2025-12-09 12:45:00+00:00,3134.38,3141.46,3133.41,3137.57,5667.7688
2025-12-09 13:00:00+00:00,3137.57,3140.55,3133.19,3133.36,2318.0869
2025-12-09 13:15:00+00:00,3133.36,3138.4,3128.0,3136.7,3137.5191
2025-12-09 13:30:00+00:00,3136.7,3140.0,3109.67,3110.24,8183.5134
2025-12-09 13:45:00+00:00,3110.23,3117.93,3109.58,3117.36,3249.3114
2025-12-09 14:00:00+00:00,3117.37,3129.07,3115.24,3116.55,2923.2419
2025-12-09 14:15:00+00:00,3116.55,3117.36,3102.17,3111.86,2960.4504
2025-12-09 14:30:00+00:00,3111.86,3121.0,3098.58,3108.15,7515.6295
2025-12-09 14:45:00+00:00,3108.15,3117.9,3104.79,3117.41,5085.6359
2025-12-09 15:00:00+00:00,3117.41,3168.43,3115.0,3123.96,23810.4941
2025-12-09 15:15:00+00:00,3123.96,3166.0,3120.01,3155.34,9748.2596
2025-12-09 15:30:00+00:00,3155.33,3216.66,3145.23,3213.38,27914.1368
2025-12-09 15:45:00+00:00,3213.37,3256.88,3203.92,3245.88,40539.988
2025-12-09 16:00:00+00:00,3245.88,3298.0,3245.63,3292.5,37968.5053
2025-12-09 16:15:00+00:00,3292.5,3303.5,3273.78,3289.38,24289.9013
2025-12-09 16:30:00+00:00,3289.38,3347.99,3289.38,3345.07,34279.5295
2025-12-09 16:45:00+00:00,3345.07,3377.9,3336.04,3366.02,35985.936
2025-12-09 17:00:00+00:00,3366.02,3397.85,3360.3,3390.73,25915.8592
2025-12-09 17:15:00+00:00,3390.73,3393.0,3356.9,3368.27,26223.0541
2025-12-09 17:30:00+00:00,3368.27,3377.56,3360.89,3368.31,9079.074
2025-12-09 17:45:00+00:00,3368.31,3381.83,3366.53,3375.23,7784.4349
2025-12-09 18:00:00+00:00,3375.24,3380.78,3368.65,3377.72,6060.3816
2025-12-09 18:15:00+00:00,3377.73,3387.48,3367.75,3383.0,5942.2368
2025-12-09 18:30:00+00:00,3383.01,3386.77,3374.85,3375.26,3033.6222
2025-12-09 18:45:00+00:00,3375.27,3378.61,3360.22,3376.06,5586.518
2025-12-09 19:00:00+00:00,3376.07,3378.34,3362.0,3366.66,3991.5322
2025-12-09 19:15:00+00:00,3366.66,3375.58,3364.7,3371.07,3484.4142
2025-12-09 19:30:00+00:00,3371.08,3377.27,3345.48,3352.77,7303.7328
2025-12-09 19:45:00+00:00,3352.78,3367.99,3350.18,3357.88,4742.9978
2025-12-09 20:00:00+00:00,3357.87,3361.41,3348.0,3354.38,5671.0209
2025-12-09 20:15:00+00:00,3354.39,3356.83,3305.26,3323.71,15230.9552
2025-12-09 20:30:00+00:00,3323.71,3340.04,3309.29,3327.65,6597.0601
2025-12-09 20:45:00+00:00,3327.66,3339.39,3321.27,3327.18,5079.3177
2025-12-09 21:00:00+00:00,3327.24,3327.43,3312.2,3322.98,5863.3213
2025-12-09 21:15:00+00:00,3322.99,3335.19,3321.42,3331.66,3030.7153
2025-12-09 21:30:00+00:00,3331.66,3333.62,3320.87,3322.48,2154.475
2025-12-09 21:45:00+00:00,3322.48,3324.25,3285.0,3301.9,11508.1506
2025-12-09 22:00:00+00:00,3301.89,3331.01,3297.66,3319.78,7849.0717
2025-12-09 22:15:00+00:00,3319.79,3323.0,3312.47,3313.41,3430.4756
2025-12-09 22:30:00+00:00,3313.4,3343.12,3311.76,3334.37,9394.8332
2025-12-09 22:45:00+00:00,3334.37,3338.55,3326.64,3328.46,2405.026
2025-12-09 23:00:00+00:00,3328.46,3330.0,3317.0,3319.72,2943.3257
2025-12-09 23:15:00+00:00,3319.71,3328.98,3317.81,3328.64,1745.8494
2025-12-09 23:30:00+00:00,3328.65,3336.01,3326.0,3331.51,6184.2529
2025-12-09 23:45:00+00:00,3331.52,3331.52,3318.04,3318.04,1634.0729
2025-12-10 00:00:00+00:00,3318.04,3328.2,3316.53,3323.96,2645.6058
2025-12-10 00:15:00+00:00,3323.95,3323.95,3306.98,3320.43,10152.94
2025-12-10 00:30:00+00:00,3320.43,3325.0,3311.63,3317.88,2282.247
2025-12-10 00:45:00+00:00,3317.88,3320.28,3305.53,3305.98,3067.8072
2025-12-10 01:00:00+00:00,3305.97,3315.16,3304.59,3305.88,2947.5149
2025-12-10 01:15:00+00:00,3305.88,3312.06,3300.11,3303.56,2856.4598
2025-12-10 01:30:00+00:00,3303.56,3303.8,3288.1,3296.13,3669.8861
2025-12-10 01:45:00+00:00,3296.12,3306.85,3294.08,3302.93,2310.055
2025-12-10 02:00:00+00:00,3302.92,3302.92,3292.35,3298.82,2272.4656
2025-12-10 02:15:00+00:00,3298.81,3312.49,3298.44,3307.27,2057.6653
2025-12-10 02:30:00+00:00,3307.27,3310.98,3303.5,3305.78,1858.0017
2025-12-10 02:45:00+00:00,3305.79,3312.27,3298.12,3310.88,2605.0243
2025-12-10 03:00:00+00:00,3310.88,3317.21,3307.66,3312.92,2229.9547
2025-12-10 03:15:00+00:00,3312.93,3312.93,3305.32,3309.37,1486.549
2025-12-10 03:30:00+00:00,3309.37,3313.91,3306.18,3311.36,1310.8544
2025-12-10 03:45:00+00:00,3311.35,3314.0,3308.49,3309.73,1325.3668
2025-12-10 04:00:00+00:00,3309.73,3313.81,3306.92,3311.15,2589.816
2025-12-10 04:15:00+00:00,3311.15,3319.84,3308.62,3310.01,2347.4973
2025-12-10 04:30:00+00:00,3310.01,3326.01,3308.41,3320.79,8099.8896
2025-12-10 04:45:00+00:00,3320.79,3327.99,3320.0,3322.66,2265.6858
2025-12-10 05:00:00+00:00,3322.66,3325.12,3318.91,3324.8,2264.7712
2025-12-10 05:15:00+00:00,3324.8,3334.66,3317.4,3318.28,5376.9905
2025-12-10 05:30:00+00:00,3318.27,3323.0,3315.0,3322.9,2247.897
2025-12-10 05:45:00+00:00,3322.91,3325.0,3320.07,3322.29,1401.47
2025-12-10 06:00:00+00:00,3322.29,3324.83,3315.0,3323.4,2502.8175
2025-12-10 06:15:00+00:00,3323.41,3323.46,3320.26,3320.83,1012.3646
2025-12-10 06:30:00+00:00,3320.82,3324.65,3317.9,3322.86,2061.6638
2025-12-10 06:45:00+00:00,3322.86,3328.85,3319.69,3325.97,1931.8278
2025-12-10 07:00:00+00:00,3325.97,3326.12,3318.43,3318.46,1681.9507
2025-12-10 07:15:00+00:00,3318.46,3319.27,3311.6,3317.2,2321.8149
2025-12-10 07:30:00+00:00,3317.2,3322.2,3313.92,3320.54,1886.8292
2025-12-10 07:45:00+00:00,3320.54,3327.47,3320.0,3327.21,2150.8955
2025-12-10 08:00:00+00:00,3327.21,3332.91,3324.75,3330.4,2438.1088
2025-12-10 08:15:00+00:00,3330.39,3334.0,3327.01,3327.36,5407.0745
2025-12-10 08:30:00+00:00,3327.35,3330.46,3322.78,3326.19,4565.6505
2025-12-10 08:45:00+00:00,3326.2,3328.45,3322.27,3322.27,1094.9468
2025-12-10 09:00:00+00:00,3322.27,3325.0,3317.83,3319.25,2173.2445
2025-12-10 09:15:00+00:00,3319.24,3319.66,3315.0,3316.58,1810.4
2025-12-10 09:30:00+00:00,3316.59,3322.0,3316.58,3321.6,1405.4941
2025-12-10 09:45:00+00:00,3321.61,3348.79,3321.45,3347.89,8356.4844
2025-12-10 10:00:00+00:00,3347.88,3376.0,3342.35,3344.65,14046.1694
2025-12-10 10:15:00+00:00,3344.64,3344.85,3322.0,3327.53,5269.3248
2025-12-10 10:30:00+00:00,3327.53,3332.28,3312.24,3319.34,7016.7967
2025-12-10 10:45:00+00:00,3319.35,3322.63,3310.37,3312.36,4780.8167
2025-12-10 11:00:00+00:00,3312.36,3320.0,3310.74,3311.55,3121.6563
2025-12-10 11:15:00+00:00,3311.56,3319.04,3311.13,3317.94,2083.215
2025-12-10 11:30:00+00:00,3317.93,3319.59,3300.78,3307.24,4486.6809
2025-12-10 11:45:00+00:00,3307.23,3320.05,3296.99,3318.39,5398.556
2025-12-10 12:00:00+00:00,3318.39,3322.31,3310.53,3311.52,2390.1225
2025-12-10 12:15:00+00:00,3311.52,3317.58,3310.01,3314.25,2019.9895
2025-12-10 12:30:00+00:00,3314.24,3324.15,3309.06,3320.86,4143.8113
2025-12-10 12:45:00+00:00,3320.86,3327.31,3315.52,3324.56,3242.7803
2025-12-10 13:00:00+00:00,3324.55,3329.64,3319.88,3322.99,2372.7001
2025-12-10 13:15:00+00:00,3322.99,3338.92,3319.55,3333.82,4634.4581
2025-12-10 13:30:00+00:00,3333.83,3337.03,3323.65,3330.06,7063.9743
2025-12-10 13:45:00+00:00,3330.06,3335.5,3325.71,3334.58,1883.216
2025-12-10 14:00:00+00:00,3334.59,3335.9,3322.0,3322.69,2186.2874
2025-12-10 14:15:00+00:00,3322.7,3331.4,3322.09,3326.81,3132.1149
2025-12-10 14:30:00+00:00,3326.81,3339.14,3312.22,3320.86,8040.5487
2025-12-10 14:45:00+00:00,3320.85,3324.0,3304.45,3319.41,6720.6257
2025-12-10 15:00:00+00:00,3319.41,3338.0,3315.49,3335.04,5921.843
2025-12-10 15:15:00+00:00,3335.04,3335.09,3319.0,3322.96,3131.547
2025-12-10 15:30:00+00:00,3322.96,3327.63,3306.8,3322.8,4811.5288
2025-12-10 15:45:00+00:00,3322.8,3329.85,3316.0,3328.25,2613.4372
2025-12-10 16:00:00+00:00,3328.25,3347.07,3320.72,3342.81,4725.3115
2025-12-10 16:15:00+00:00,3342.81,3360.0,3337.37,3357.2,7790.7408
2025-12-10 16:30:00+00:00,3357.21,3357.98,3343.28,3354.99,4607.9625
2025-12-10 16:45:00+00:00,3354.99,3369.52,3347.46,3351.4,5929.8972
2025-12-10 17:00:00+00:00,3351.39,3359.3,3346.54,3358.29,3031.5315
2025-12-10 17:15:00+00:00,3358.29,3386.0,3354.35,3369.0,10060.717
2025-12-10 17:30:00+00:00,3369.0,3370.6,3355.1,3370.22,7346.1705
2025-12-10 17:45:00+00:00,3370.22,3376.23,3364.44,3370.47,3099.4944
2025-12-10 18:00:00+00:00,3370.47,3372.12,3363.02,3368.61,4870.7794
2025-12-10 18:15:00+00:00,3368.6,3373.58,3359.76,3372.85,2635.9073
2025-12-10 18:30:00+00:00,3372.85,3429.51,3371.51,3393.94,31828.7605
2025-12-10 18:45:00+00:00,3393.94,3411.56,3361.44,3381.56,12127.521
2025-12-10 19:00:00+00:00,3381.55,3435.0,3346.8,3398.92,45354.5355
2025-12-10 19:15:00+00:00,3398.91,3413.76,3367.76,3376.11,17194.5715
2025-12-10 19:30:00+00:00,3376.1,3407.66,3360.86,3366.6,18086.8669
2025-12-10 19:45:00+00:00,3366.59,3392.42,3365.08,3390.71,8229.1236
2025-12-10 20:00:00+00:00,3390.67,3441.78,3369.18,3441.58,21447.8442
2025-12-10 20:15:00+00:00,3441.58,3447.44,3386.03,3401.15,26167.0792
2025-12-10 20:30:00+00:00,3401.15,3408.16,3384.89,3398.19,7579.5103
2025-12-10 20:45:00+00:00,3398.19,3400.67,3345.82,3355.44,15495.2028
2025-12-10 21:00:00+00:00,3355.44,3366.59,3329.13,3353.47,12847.2986
2025-12-10 21:15:00+00:00,3353.48,3369.05,3350.58,3356.76,4553.8759
2025-12-10 21:30:00+00:00,3356.76,3366.17,3339.6,3355.45,4945.047
2025-12-10 21:45:00+00:00,3355.45,3362.43,3336.6,3339.83,2626.7773
2025-12-10 22:00:00+00:00,3339.82,3354.96,3330.67,3335.89,2781.1884
2025-12-10 22:15:00+00:00,3335.88,3345.93,3318.29,3333.29,8139.7725
2025-12-10 22:30:00+00:00,3333.29,3350.05,3327.67,3347.02,3255.9995
2025-12-10 22:45:00+00:00,3347.02,3355.8,3338.57,3346.5,2030.4583
2025-12-10 23:00:00+00:00,3346.5,3352.86,3336.5,3339.66,5782.6929
2025-12-10 23:15:00+00:00,3339.69,3343.9,3330.51,3331.23,1735.8781
2025-12-10 23:30:00+00:00,3331.23,3333.46,3322.32,3326.43,3885.2711
2025-12-10 23:45:00+00:00,3326.43,3329.46,3317.37,3324.14,4405.4831
2025-12-11 00:00:00+00:00,3324.14,3327.37,3318.78,3323.48,2775.102
2025-12-11 00:15:00+00:00,3323.48,3323.94,3310.15,3310.76,3761.6734
2025-12-11 00:30:00+00:00,3310.76,3310.76,3276.48,3283.57,17060.0487
2025-12-11 00:45:00+00:00,3283.57,3288.64,3259.03,3279.58,12869.9095
2025-12-11 01:00:00+00:00,3279.58,3280.06,3256.0,3256.68,7137.0895
2025-12-11 01:15:00+00:00,3256.68,3267.81,3244.01,3266.64,12770.6079
2025-12-11 01:30:00+00:00,3266.64,3279.89,3261.75,3265.28,3941.8343
2025-12-11 01:45:00+00:00,3265.28,3265.36,3250.59,3254.89,3095.1412
2025-12-11 02:00:00+00:00,3254.88,3255.96,3226.34,3231.49,7633.7595
2025-12-11 02:15:00+00:00,3231.49,3235.0,3212.44,3219.92,6855.2162
2025-12-11 02:30:00+00:00,3219.91,3227.77,3209.57,3223.24,6077.4347
2025-12-11 02:45:00+00:00,3223.25,3223.61,3206.03,3211.0,8345.4092
2025-12-11 03:00:00+00:00,3211.0,3211.01,3167.07,3180.52,23803.2519
2025-12-11 03:15:00+00:00,3180.52,3194.51,3170.8,3177.16,11398.5977
2025-12-11 03:30:00+00:00,3177.16,3186.95,3172.15,3181.78,6356.2439
2025-12-11 03:45:00+00:00,3181.77,3193.0,3177.07,3191.42,4550.6928
2025-12-11 04:00:00+00:00,3191.42,3204.6,3180.93,3196.26,7508.6856
2025-12-11 04:15:00+00:00,3196.26,3198.51,3187.5,3191.73,3429.3007
2025-12-11 04:30:00+00:00,3191.73,3198.0,3187.33,3195.4,3117.01
2025-12-11 04:45:00+00:00,3195.39,3216.16,3189.62,3215.45,6663.7771
2025-12-11 05:00:00+00:00,3215.44,3215.44,3194.51,3195.38,4304.6433
2025-12-11 05:15:00+00:00,3195.37,3209.36,3195.01,3206.57,2803.7413
2025-12-11 05:30:00+00:00,3206.56,3210.05,3202.01,3208.48,1912.4193
2025-12-11 05:45:00+00:00,3208.49,3215.64,3208.49,3214.35,2435.7686
2025-12-11 06:00:00+00:00,3214.35,3214.77,3206.6,3208.49,1799.2668
2025-12-11 06:15:00+00:00,3208.5,3208.97,3194.33,3199.19,3180.1593
2025-12-11 06:30:00+00:00,3199.19,3213.95,3199.19,3201.97,3103.2655
2025-12-11 06:45:00+00:00,3201.97,3204.48,3199.17,3202.77,1435.6844
2025-12-11 07:00:00+00:00,3202.78,3205.93,3198.79,3203.34,2129.8534
2025-12-11 07:15:00+00:00,3203.34,3206.38,3195.52,3200.29,1919.3394
2025-12-11 07:30:00+00:00,3200.28,3205.77,3199.61,3200.88,2103.7036
2025-12-11 07:45:00+00:00,3200.88,3203.56,3198.23,3201.51,1890.7035
2025-12-11 08:00:00+00:00,3201.52,3201.7,3185.0,3191.36,5645.5673
2025-12-11 08:15:00+00:00,3191.35,3196.09,3187.02,3193.24,2650.9276
2025-12-11 08:30:00+00:00,3193.23,3193.23,3178.0,3186.9,4315.0015
2025-12-11 08:45:00+00:00,3186.89,3199.5,3184.62,3197.06,2433.8094
2025-12-11 09:00:00+00:00,3197.05,3206.54,3195.81,3200.6,3024.8563
2025-12-11 09:15:00+00:00,3200.59,3212.0,3200.42,3208.59,2619.7183
2025-12-11 09:30:00+00:00,3208.59,3213.0,3199.47,3199.58,3083.8104
2025-12-11 09:45:00+00:00,3199.58,3205.77,3193.24,3198.56,2261.5241
2025-12-11 10:00:00+00:00,3198.56,3203.0,3196.98,3200.5,1465.5212
2025-12-11 10:15:00+00:00,3200.49,3200.49,3190.01,3195.01,2605.128
2025-12-11 10:30:00+00:00,3195.01,3195.17,3188.23,3189.09,1569.9147
2025-12-11 10:45:00+00:00,3189.08,3198.5,3188.55,3196.13,1612.8933
2025-12-11 11:00:00+00:00,3196.12,3202.58,3193.28,3196.2,1818.7692
2025-12-11 11:15:00+00:00,3196.19,3199.66,3194.33,3196.5,1352.5122
2025-12-11 11:30:00+00:00,3196.5,3198.77,3195.0,3197.34,978.6427
2025-12-11 11:45:00+00:00,3197.34,3197.85,3192.74,3192.75,1265.6738
2025-12-11 12:00:00+00:00,3192.75,3196.63,3187.23,3190.82,3365.7385
2025-12-11 12:15:00+00:00,3190.82,3202.3,3189.76,3197.2,1875.8859
2025-12-11 12:30:00+00:00,3197.2,3207.32,3197.2,3204.27,3400.6786
2025-12-11 12:45:00+00:00,3204.26,3206.57,3198.06,3199.14,2548.8943
2025-12-11 13:00:00+00:00,3199.15,3203.89,3198.01,3199.31,1701.3864
2025-12-11 13:15:00+00:00,3199.3,3203.28,3195.67,3199.21,2034.3009
2025-12-11 13:30:00+00:00,3199.2,3201.65,3189.0,3193.53,3015.9838
2025-12-11 13:45:00+00:00,3193.53,3196.75,3188.65,3191.97,2622.9411
2025-12-11 14:00:00+00:00,3191.96,3194.64,3188.2,3193.72,3110.1032
2025-12-11 14:15:00+00:00,3193.71,3195.83,3183.48,3186.01,2403.3008
2025-12-11 14:30:00+00:00,3186.01,3195.98,3152.2,3188.2,17082.4942
2025-12-11 14:45:00+00:00,3188.1,3191.33,3145.28,3159.76,13576.4172
2025-12-11 15:00:00+00:00,3159.76,3186.25,3155.17,3180.17,7828.9834
2025-12-11 15:15:00+00:00,3180.16,3210.0,3170.79,3189.96,16957.2771
2025-12-11 15:30:00+00:00,3189.96,3192.32,3162.52,3170.24,6404.1399
2025-12-11 15:45:00+00:00,3170.24,3186.39,3167.43,3179.25,4562.8858
2025-12-11 16:00:00+00:00,3179.24,3184.96,3157.7,3158.97,8181.0476
2025-12-11 16:15:00+00:00,3158.97,3176.79,3155.0,3170.03,4722.8174
2025-12-11 16:30:00+00:00,3170.02,3193.62,3160.33,3188.21,4319.6442
2025-12-11 16:45:00+00:00,3188.21,3197.18,3170.01,3175.08,3532.7534
2025-12-11 17:00:00+00:00,3175.08,3180.72,3168.23,3178.46,1943.9698
2025-12-11 17:15:00+00:00,3178.45,3199.57,3176.88,3195.13,4902.5798
2025-12-11 17:30:00+00:00,3195.12,3204.16,3182.05,3185.43,13639.3411
2025-12-11 17:45:00+00:00,3185.43,3190.44,3178.92,3181.52,2959.7444
2025-12-11 18:00:00+00:00,3181.51,3200.4,3179.56,3196.19,3274.8621
2025-12-11 18:15:00+00:00,3196.19,3202.58,3193.03,3201.72,3370.65
2025-12-11 18:30:00+00:00,3201.71,3232.15,3196.23,3231.86,6828.292
2025-12-11 18:45:00+00:00,3231.87,3234.25,3191.24,3203.47,12981.2753
2025-12-11 19:00:00+00:00,3203.47,3216.25,3190.31,3201.01,4025.2161
2025-12-11 19:15:00+00:00,3201.01,3213.38,3195.44,3209.8,4268.1198
2025-12-11 19:30:00+00:00,3209.8,3229.35,3208.28,3216.8,5909.7509
2025-12-11 19:45:00+00:00,3216.81,3221.25,3190.11,3194.51,5142.726
2025-12-11 20:00:00+00:00,3194.52,3219.63,3192.88,3215.46,3801.2506
2025-12-11 20:15:00+00:00,3215.47,3218.0,3186.36,3202.68,6657.4159
2025-12-11 20:30:00+00:00,3202.68,3222.85,3200.93,3215.83,4637.8256
2025-12-11 20:45:00+00:00,3215.84,3226.8,3210.0,3221.73,5073.5823
2025-12-11 21:00:00+00:00,3221.74,3245.22,3215.0,3233.57,13001.7641
2025-12-11 21:15:00+00:00,3233.57,3265.55,3233.57,3258.25,15081.201
2025-12-11 21:30:00+00:00,3258.25,3273.4,3246.06,3266.25,10244.8054
2025-12-11 21:45:00+00:00,3266.26,3269.66,3248.05,3249.41,5259.317
2025-12-11 22:00:00+00:00,3249.41,3264.12,3249.26,3262.5,3040.1012
2025-12-11 22:15:00+00:00,3262.49,3266.0,3230.43,3238.59,6382.7215
2025-12-11 22:30:00+00:00,3238.6,3248.99,3232.89,3239.9,3246.1709
2025-12-11 22:45:00+00:00,3239.91,3242.67,3229.36,3238.28,2008.6099
2025-12-11 23:00:00+00:00,3238.28,3245.28,3223.48,3227.87,6642.8919
2025-12-11 23:15:00+00:00,3227.88,3237.96,3226.88,3231.48,5342.0468
2025-12-11 23:30:00+00:00,3231.48,3241.62,3228.8,3240.81,2769.0427
2025-12-11 23:45:00+00:00,3240.81,3243.07,3232.28,3237.39,1557.6871
2025-12-12 00:00:00+00:00,3237.38,3239.43,3229.57,3230.46,1749.4239
2025-12-12 00:15:00+00:00,3230.46,3247.0,3230.21,3235.91,1802.4716
2025-12-12 00:30:00+00:00,3235.92,3238.0,3230.1,3230.42,1475.1371
2025-12-12 00:45:00+00:00,3230.42,3232.83,3185.2,3189.24,11689.57
2025-12-12 01:00:00+00:00,3189.24,3216.57,3189.24,3214.88,4994.7614
2025-12-12 01:15:00+00:00,3214.87,3236.0,3214.2,3233.3,3837.8573
2025-12-12 01:30:00+00:00,3233.29,3246.38,3230.08,3234.61,2596.282
2025-12-12 01:45:00+00:00,3234.61,3239.84,3227.64,3234.7,2001.367
2025-12-12 02:00:00+00:00,3234.7,3254.74,3227.41,3247.84,4039.221
2025-12-12 02:15:00+00:00,3247.85,3253.91,3245.62,3248.85,2304.1577
2025-12-12 02:30:00+00:00,3248.84,3252.69,3243.82,3249.61,2273.7879
2025-12-12 02:45:00+00:00,3249.61,3265.5,3246.15,3258.63,4469.6743
2025-12-12 03:00:00+00:00,3258.64,3264.32,3252.68,3253.41,2246.0842
2025-12-12 03:15:00+00:00,3253.4,3254.49,3238.25,3241.79,2593.3733
2025-12-12 03:30:00+00:00,3241.78,3249.97,3238.7,3248.31,1952.5898
2025-12-12 03:45:00+00:00,3248.31,3250.77,3244.51,3245.49,1887.5369
2025-12-12 04:00:00+00:00,3245.49,3249.62,3243.04,3244.29,1135.9809
2025-12-12 04:15:00+00:00,3244.3,3245.53,3240.86,3242.91,1553.0688
2025-12-12 04:30:00+00:00,3242.91,3244.98,3240.29,3244.98,1006.0665
2025-12-12 04:45:00+00:00,3244.98,3251.38,3244.98,3247.54,2394.3163
2025-12-12 05:00:00+00:00,3247.54,3251.76,3239.64,3239.64,2389.7351
2025-12-12 05:15:00+00:00,3239.64,3243.9,3232.79,3235.99,2604.5578
2025-12-12 05:30:00+00:00,3236.0,3245.2,3235.1,3244.23,1768.2739
2025-12-12 05:45:00+00:00,3244.23,3250.78,3243.86,3247.7,2456.2891
2025-12-12 06:00:00+00:00,3247.71,3264.39,3245.69,3264.08,4466.8886
2025-12-12 06:15:00+00:00,3264.07,3265.0,3256.6,3257.51,3788.9202
2025-12-12 06:30:00+00:00,3257.5,3259.06,3253.75,3255.52,1733.3973
2025-12-12 06:45:00+00:00,3255.52,3256.5,3249.36,3254.04,1587.4952
2025-12-12 07:00:00+00:00,3254.03,3254.55,3249.75,3252.57,1151.6697
2025-12-12 07:15:00+00:00,3252.58,3255.96,3250.07,3254.78,1290.9393
2025-12-12 07:30:00+00:00,3254.78,3257.91,3242.99,3251.55,3067.3039
2025-12-12 07:45:00+00:00,3251.54,3252.0,3246.0,3246.55,1641.7514
2025-12-12 08:00:00+00:00,3246.55,3250.39,3243.78,3248.93,1545.1809
2025-12-12 08:15:00+00:00,3248.92,3250.25,3237.19,3239.04,1880.2605
2025-12-12 08:30:00+00:00,3239.04,3240.72,3234.6,3239.14,2232.9879
2025-12-12 08:45:00+00:00,3239.14,3247.3,3235.52,3244.8,1815.369
2025-12-12 09:00:00+00:00,3244.79,3248.97,3239.3,3246.04,1573.0421
2025-12-12 09:15:00+00:00,3246.04,3250.69,3232.78,3234.11,2884.4231
2025-12-12 09:30:00+00:00,3234.11,3243.21,3234.11,3241.52,1457.2799
2025-12-12 09:45:00+00:00,3241.52,3254.88,3239.83,3251.38,2947.9273
2025-12-12 10:00:00+00:00,3251.37,3255.7,3250.22,3252.46,1748.7307
2025-12-12 10:15:00+00:00,3252.45,3254.0,3244.11,3247.8,2129.9679
2025-12-12 10:30:00+00:00,3247.8,3249.19,3240.18,3244.97,1388.5086
2025-12-12 10:45:00+00:00,3244.96,3248.99,3243.8,3244.06,905.4884
2025-12-12 11:00:00+00:00,3244.06,3245.97,3237.99,3239.82,1550.4518
2025-12-12 11:15:00+00:00,3239.82,3239.82,3225.92,3233.2,10607.9781
2025-12-12 11:30:00+00:00,3233.19,3242.31,3233.19,3239.44,2219.6747
2025-12-12 11:45:00+00:00,3239.44,3243.5,3237.3,3242.59,1384.6989
2025-12-12 12:00:00+00:00,3242.59,3242.59,3235.28,3238.07,1548.4426
2025-12-12 12:15:00+00:00,3238.06,3241.35,3234.8,3236.28,1957.7062
2025-12-12 12:30:00+00:00,3236.28,3239.65,3233.64,3236.0,1870.1663
2025-12-12 12:45:00+00:00,3235.99,3249.49,3234.42,3247.57,3271.5318
2025-12-12 13:00:00+00:00,3247.58,3247.63,3243.83,3246.39,1810.608
2025-12-12 13:15:00+00:00,3246.39,3251.31,3238.4,3240.93,2644.847
2025-12-12 13:30:00+00:00,3240.95,3246.28,3237.8,3239.31,2372.81
2025-12-12 13:45:00+00:00,3239.31,3244.1,3239.31,3242.5,1353.0467
2025-12-12 14:00:00+00:00,3242.49,3242.5,3235.01,3235.68,1573.0737
2025-12-12 14:15:00+00:00,3235.69,3241.0,3223.77,3224.62,3067.2744
2025-12-12 14:30:00+00:00,3224.62,3248.0,3216.14,3230.88,8839.9554
2025-12-12 14:45:00+00:00,3230.87,3238.16,3219.32,3231.43,5382.6813
2025-12-12 15:00:00+00:00,3231.42,3231.68,3201.7,3206.91,6837.9685
2025-12-12 15:15:00+00:00,3206.92,3208.5,3152.76,3152.81,18583.155
2025-12-12 15:30:00+00:00,3152.96,3165.3,3085.84,3109.29,49732.1261
2025-12-12 15:45:00+00:00,3109.3,3118.77,3058.12,3071.41,32340.4212
2025-12-12 16:00:00+00:00,3071.4,3084.71,3058.77,3073.59,23813.6823
2025-12-12 16:15:00+00:00,3073.59,3088.86,3045.31,3085.07,26085.1376
2025-12-12 16:30:00+00:00,3085.06,3086.55,3048.18,3054.8,16852.6536
2025-12-12 16:45:00+00:00,3054.8,3076.47,3051.02,3069.46,10725.1545
2025-12-12 17:00:00+00:00,3069.46,3097.78,3065.0,3086.54,13461.6205
2025-12-12 17:15:00+00:00,3086.54,3099.88,3063.23,3063.43,10529.7519
2025-12-12 17:30:00+00:00,3063.43,3077.76,3062.0,3072.43,5989.8909
2025-12-12 17:45:00+00:00,3072.42,3078.53,3065.01,3066.3,2874.7985
2025-12-12 18:00:00+00:00,3066.31,3092.5,3064.38,3082.59,5351.8503
2025-12-12 18:15:00+00:00,3082.59,3092.88,3070.35,3086.86,5956.1823
2025-12-12 18:30:00+00:00,3086.86,3097.83,3085.06,3087.66,3756.2101
2025-12-12 18:45:00+00:00,3087.65,3097.23,3079.02,3079.74,3647.3162
2025-12-12 19:00:00+00:00,3079.74,3080.95,3067.63,3069.86,3951.8805
2025-12-12 19:15:00+00:00,3069.86,3081.98,3068.18,3072.79,2941.5183
2025-12-12 19:30:00+00:00,3072.79,3076.39,3066.12,3068.16,3533.3094
2025-12-12 19:45:00+00:00,3068.16,3075.02,3063.57,3073.74,3070.9968
2025-12-12 20:00:00+00:00,3073.74,3077.88,3067.93,3069.29,1977.1091
2025-12-12 20:15:00+00:00,3069.29,3083.36,3068.22,3071.8,2803.6624
2025-12-12 20:30:00+00:00,3071.79,3079.41,3067.61,3077.59,1384.2821
2025-12-12 20:45:00+00:00,3077.59,3086.33,3075.6,3081.9,4903.0785
2025-12-12 21:00:00+00:00,3081.76,3089.02,3076.57,3085.77,2514.5029
2025-12-12 21:15:00+00:00,3085.77,3086.61,3079.74,3085.42,1397.0786
2025-12-12 21:30:00+00:00,3085.42,3090.57,3085.01,3087.36,1409.3482
2025-12-12 21:45:00+00:00,3087.36,3090.39,3081.28,3081.28,1759.8338
2025-12-12 22:00:00+00:00,3081.28,3091.34,3080.5,3088.92,1469.4864
2025-12-12 22:15:00+00:00,3088.92,3094.34,3087.0,3093.13,1313.7205
2025-12-12 22:30:00+00:00,3093.12,3093.84,3088.58,3091.69,997.3359
2025-12-12 22:45:00+00:00,3091.69,3093.61,3088.0,3093.3,683.2543
2025-12-12 23:00:00+00:00,3093.3,3096.16,3092.17,3092.72,973.4874
2025-12-12 23:15:00+00:00,3092.72,3093.81,3088.53,3088.53,610.4911
2025-12-12 23:30:00+00:00,3088.53,3090.07,3085.0,3087.76,809.3823
2025-12-12 23:45:00+00:00,3087.76,3088.54,3083.0,3084.86,730.7029
2025-12-13 00:00:00+00:00,3084.86,3095.24,3084.86,3090.06,2656.4059
2025-12-13 00:15:00+00:00,3090.06,3092.32,3086.13,3087.01,1365.1769
2025-12-13 00:30:00+00:00,3087.01,3087.19,3084.42,3085.71,1143.8367
2025-12-13 00:45:00+00:00,3085.71,3087.45,3082.18,3086.4,1550.253
2025-12-13 01:00:00+00:00,3086.39,3090.46,3085.0,3089.37,552.5313
2025-12-13 01:15:00+00:00,3089.38,3090.6,3088.36,3089.89,1247.0323
2025-12-13 01:30:00+00:00,3089.88,3090.08,3079.8,3080.59,1203.4852
2025-12-13 01:45:00+00:00,3080.6,3084.32,3078.6,3084.32,975.7688
2025-12-13 02:00:00+00:00,3084.31,3089.39,3084.31,3087.04,909.0529
2025-12-13 02:15:00+00:00,3087.04,3089.26,3086.86,3088.59,855.4809
2025-12-13 02:30:00+00:00,3088.6,3088.6,3083.95,3085.3,568.627
2025-12-13 02:45:00+00:00,3085.3,3086.89,3083.63,3084.73,730.719
2025-12-13 03:00:00+00:00,3084.73,3089.25,3084.47,3089.25,831.6402
2025-12-13 03:15:00+00:00,3089.25,3092.49,3089.24,3089.87,835.4548
2025-12-13 03:30:00+00:00,3089.86,3093.31,3088.33,3091.83,831.2086
2025-12-13 03:45:00+00:00,3091.83,3092.91,3089.08,3089.85,426.4102
2025-12-13 04:00:00+00:00,3089.86,3090.87,3088.51,3089.59,551.9786
2025-12-13 04:15:00+00:00,3089.59,3091.43,3088.02,3088.21,1259.9348
2025-12-13 04:30:00+00:00,3088.22,3092.02,3085.99,3091.15,849.626
2025-12-13 04:45:00+00:00,3091.15,3092.35,3089.46,3090.11,777.6568
2025-12-13 05:00:00+00:00,3090.11,3091.88,3089.13,3090.03,596.5151
2025-12-13 05:15:00+00:00,3090.03,3090.86,3088.0,3089.2,358.2808
2025-12-13 05:30:00+00:00,3089.2,3089.2,3084.11,3086.6,970.2987
2025-12-13 05:45:00+00:00,3086.61,3089.6,3084.98,3089.59,565.175
2025-12-13 06:00:00+00:00,3089.59,3089.59,3086.75,3087.43,519.1699
2025-12-13 06:15:00+00:00,3087.43,3088.05,3084.6,3086.32,607.5205
2025-12-13 06:30:00+00:00,3086.32,3092.71,3086.32,3090.02,1015.5137
2025-12-13 06:45:00+00:00,3090.02,3095.85,3090.02,3094.05,1346.1555
2025-12-13 07:00:00+00:00,3094.06,3094.55,3090.5,3090.6,1408.5579
2025-12-13 07:15:00+00:00,3090.6,3095.4,3090.19,3093.29,1267.0051
2025-12-13 07:30:00+00:00,3093.3,3094.72,3093.3,3094.51,306.5263
2025-12-13 07:45:00+00:00,3094.51,3095.73,3093.47,3094.72,625.2416
2025-12-13 08:00:00+00:00,3094.72,3098.86,3092.59,3098.86,1288.6901
2025-12-13 08:15:00+00:00,3098.85,3132.64,3096.98,3123.38,9922.5298
2025-12-13 08:30:00+00:00,3123.39,3124.87,3109.35,3111.34,3689.5574
2025-12-13 08:45:00+00:00,3111.34,3119.57,3111.34,3116.26,1035.539
2025-12-13 09:00:00+00:00,3116.27,3122.83,3115.97,3119.41,1216.6514
2025-12-13 09:15:00+00:00,3119.41,3119.6,3113.0,3114.33,1604.7341
2025-12-13 09:30:00+00:00,3114.33,3118.99,3112.39,3116.81,1213.4219
2025-12-13 09:45:00+00:00,3116.8,3121.71,3115.59,3118.19,1849.9111
2025-12-13 10:00:00+00:00,3118.19,3121.43,3117.63,3121.43,896.0578
2025-12-13 10:15:00+00:00,3121.44,3131.43,3121.44,3128.65,2501.793
2025-12-13 10:30:00+00:00,3128.65,3135.68,3126.75,3133.1,3381.8183
2025-12-13 10:45:00+00:00,3133.09,3133.34,3124.0,3127.68,1829.2218
2025-12-13 11:00:00+00:00,3127.68,3129.05,3123.35,3126.17,1414.0475
2025-12-13 11:15:00+00:00,3126.17,3126.93,3123.69,3124.6,799.7876
2025-12-13 11:30:00+00:00,3124.6,3124.77,3117.53,3119.52,1376.7716
2025-12-13 11:45:00+00:00,3119.52,3122.78,3115.39,3119.35,1456.6001
2025-12-13 12:00:00+00:00,3119.36,3127.8,3119.35,3123.41,868.1769
2025-12-13 12:15:00+00:00,3123.41,3123.82,3115.61,3115.61,868.8129
2025-12-13 12:30:00+00:00,3115.61,3120.0,3110.0,3110.59,1284.2021
2025-12-13 12:45:00+00:00,3110.59,3115.57,3109.79,3115.15,1487.3981
2025-12-13 13:00:00+00:00,3115.14,3119.57,3110.16,3111.18,1218.5161
2025-12-13 13:15:00+00:00,3111.17,3113.96,3097.54,3098.67,3213.4022
2025-12-13 13:30:00+00:00,3098.67,3107.21,3095.12,3106.3,2017.171
2025-12-13 13:45:00+00:00,3106.31,3110.32,3104.49,3109.77,1139.7328
2025-12-13 14:00:00+00:00,3109.78,3115.74,3107.02,3115.74,1268.1889
2025-12-13 14:15:00+00:00,3115.73,3116.1,3096.29,3097.45,2778.5565
2025-12-13 14:30:00+00:00,3097.44,3112.5,3096.3,3108.58,2080.0157
2025-12-13 14:45:00+00:00,3108.59,3115.0,3108.58,3110.75,1417.318
2025-12-13 15:00:00+00:00,3110.76,3124.01,3110.5,3118.3,2096.3484
2025-12-13 15:15:00+00:00,3118.3,3121.62,3114.53,3118.31,1281.3871
2025-12-13 15:30:00+00:00,3118.3,3119.79,3110.25,3113.32,910.2411
2025-12-13 15:45:00+00:00,3113.32,3113.33,3104.96,3109.63,1395.007
2025-12-13 16:00:00+00:00,3109.63,3116.37,3109.22,3109.38,2083.1042
2025-12-13 16:15:00+00:00,3109.37,3109.38,3101.6,3104.7,2926.6186
2025-12-13 16:30:00+00:00,3104.7,3107.87,3100.9,3103.08,2112.4016
2025-12-13 16:45:00+00:00,3103.08,3107.73,3102.0,3105.36,1955.2113
2025-12-13 17:00:00+00:00,3105.35,3105.36,3097.56,3101.75,2108.8867
2025-12-13 17:15:00+00:00,3101.75,3104.37,3097.84,3097.85,1778.558
2025-12-13 17:30:00+00:00,3097.84,3104.31,3096.05,3102.89,1434.7572
2025-12-13 17:45:00+00:00,3102.89,3102.89,3098.5,3100.79,1373.7063
2025-12-13 18:00:00+00:00,3100.8,3111.02,3100.43,3110.08,1361.1399
2025-12-13 18:15:00+00:00,3110.07,3110.45,3105.99,3106.87,1481.2332
2025-12-13 18:30:00+00:00,3106.87,3109.3,3105.3,3107.1,1157.6718
2025-12-13 18:45:00+00:00,3107.1,3107.11,3098.94,3101.8,666.6499
2025-12-13 19:00:00+00:00,3101.8,3106.5,3100.8,3105.68,1188.8513
2025-12-13 19:15:00+00:00,3105.67,3107.11,3104.08,3104.08,439.7382
2025-12-13 19:30:00+00:00,3104.09,3111.0,3104.08,3110.73,763.1052
2025-12-13 19:45:00+00:00,3110.73,3111.22,3106.87,3108.41,763.8093
2025-12-13 20:00:00+00:00,3108.41,3110.08,3105.51,3106.24,466.5483
2025-12-13 20:15:00+00:00,3106.24,3109.04,3106.12,3109.0,523.7017
2025-12-13 20:30:00+00:00,3109.01,3109.01,3106.62,3106.76,588.7604
2025-12-13 20:45:00+00:00,3106.76,3109.05,3102.66,3104.24,508.0348
2025-12-13 21:00:00+00:00,3104.23,3105.0,3098.68,3100.41,3858.3329
2025-12-13 21:15:00+00:00,3100.41,3103.74,3099.8,3101.71,660.9598
2025-12-13 21:30:00+00:00,3101.71,3106.87,3079.0,3106.3,5211.4405
2025-12-13 21:45:00+00:00,3106.3,3114.87,3100.69,3111.63,1577.6967
2025-12-13 22:00:00+00:00,3111.62,3119.79,3102.51,3105.77,1672.8973
2025-12-13 22:15:00+00:00,3105.77,3112.36,3105.51,3108.42,673.7911
2025-12-13 22:30:00+00:00,3108.43,3116.45,3106.87,3114.98,1041.8064
2025-12-13 22:45:00+00:00,3114.98,3117.12,3109.59,3114.37,1360.1386
2025-12-13 23:00:00+00:00,3114.36,3114.54,3109.8,3114.09,1122.1782
2025-12-13 23:15:00+00:00,3114.08,3115.71,3111.22,3113.52,1181.5952
2025-12-13 23:30:00+00:00,3113.52,3116.0,3111.62,3115.52,791.6437
2025-12-13 23:45:00+00:00,3115.52,3117.91,3113.31,3114.64,1120.9411
2025-12-14 00:00:00+00:00,3114.64,3115.37,3103.49,3112.31,2712.6336
2025-12-14 00:15:00+00:00,3112.3,3113.96,3107.54,3110.56,1083.2212
2025-12-14 00:30:00+00:00,3110.57,3119.0,3110.24,3118.3,2005.7064
2025-12-14 00:45:00+00:00,3118.3,3122.38,3116.51,3119.31,2259.283
2025-12-14 01:00:00+00:00,3119.3,3122.5,3116.71,3121.39,960.6763
2025-12-14 01:15:00+00:00,3121.4,3128.96,3121.4,3126.45,1543.9643
2025-12-14 01:30:00+00:00,3126.45,3129.54,3115.12,3116.86,1212.8782
2025-12-14 01:45:00+00:00,3116.85,3120.23,3116.85,3119.91,260.9318
2025-12-14 02:00:00+00:00,3119.91,3124.06,3118.08,3123.28,541.6839
2025-12-14 02:15:00+00:00,3123.28,3125.71,3121.15,3123.27,797.6304
2025-12-14 02:30:00+00:00,3123.27,3125.39,3116.14,3121.59,942.58
2025-12-14 02:45:00+00:00,3121.59,3123.83,3119.78,3122.64,662.2779
2025-12-14 03:00:00+00:00,3122.63,3125.91,3121.53,3122.78,641.3893
2025-12-14 03:15:00+00:00,3122.78,3123.33,3120.6,3120.72,454.605
2025-12-14 03:30:00+00:00,3120.72,3120.73,3117.12,3119.92,787.5113
2025-12-14 03:45:00+00:00,3119.92,3120.39,3117.74,3118.96,451.9023
2025-12-14 04:00:00+00:00,3118.97,3121.44,3118.04,3121.44,284.8671
2025-12-14 04:15:00+00:00,3121.44,3122.1,3118.73,3119.36,450.623
2025-12-14 04:30:00+00:00,3119.35,3120.63,3106.96,3109.89,1970.6973
2025-12-14 04:45:00+00:00,3109.89,3112.46,3106.34,3111.31,1831.4364
2025-12-14 05:00:00+00:00,3111.31,3113.12,3107.84,3109.05,1298.105
2025-12-14 05:15:00+00:00,3109.04,3109.59,3104.59,3106.41,1146.1212
2025-12-14 05:30:00+00:00,3106.41,3113.17,3105.78,3113.12,995.9998
2025-12-14 05:45:00+00:00,3113.11,3115.0,3110.8,3111.63,697.096
2025-12-14 06:00:00+00:00,3111.62,3112.05,3109.05,3111.54,257.9866
2025-12-14 06:15:00+00:00,3111.55,3115.12,3107.1,3107.94,716.1648
2025-12-14 06:30:00+00:00,3107.95,3112.71,3105.21,3112.53,557.6799
2025-12-14 06:45:00+00:00,3112.53,3112.53,3109.04,3110.72,508.0152
2025-12-14 07:00:00+00:00,3110.73,3112.49,3109.26,3111.99,487.1559
2025-12-14 07:15:00+00:00,3111.98,3111.98,3109.58,3109.99,492.4964
2025-12-14 07:30:00+00:00,3109.99,3110.92,3108.61,3110.91,355.0995
2025-12-14 07:45:00+00:00,3110.91,3117.71,3110.91,3115.3,710.3227
2025-12-14 08:00:00+00:00,3115.3,3118.5,3115.19,3116.85,1010.742
2025-12-14 08:15:00+00:00,3116.86,3119.0,3114.74,3117.1,812.3714
2025-12-14 08:30:00+00:00,3117.09,3119.9,3115.9,3116.37,1134.4277
2025-12-14 08:45:00+00:00,3116.37,3116.6,3109.34,3111.02,1734.3116
2025-12-14 09:00:00+00:00,3111.03,3113.67,3110.87,3111.56,666.3512
2025-12-14 09:15:00+00:00,3111.55,3112.99,3109.82,3111.07,3337.1451
2025-12-14 09:30:00+00:00,3111.06,3113.67,3107.45,3110.55,2083.2804
2025-12-14 09:45:00+00:00,3110.55,3110.55,3108.12,3109.16,934.388
2025-12-14 10:00:00+00:00,3109.15,3110.93,3093.8,3098.7,2845.1674
2025-12-14 10:15:00+00:00,3098.7,3112.77,3096.69,3108.06,3392.9399
2025-12-14 10:30:00+00:00,3108.07,3108.07,3102.09,3106.21,1106.395
2025-12-14 10:45:00+00:00,3106.21,3108.01,3103.59,3107.57,825.8053
2025-12-14 11:00:00+00:00,3107.57,3109.59,3097.48,3102.01,4040.2627
2025-12-14 11:15:00+00:00,3102.02,3103.48,3091.72,3093.79,7119.041
2025-12-14 11:30:00+00:00,3093.78,3095.46,3062.82,3065.45,8965.9537
2025-12-14 11:45:00+00:00,3065.44,3087.49,3050.01,3084.84,15720.0064
2025-12-14 12:00:00+00:00,3084.84,3094.5,3070.42,3088.02,4335.7638
2025-12-14 12:15:00+00:00,3088.03,3104.03,3088.03,3096.77,5274.5981
2025-12-14 12:30:00+00:00,3096.77,3108.0,3096.76,3103.61,2872.0761
2025-12-14 12:45:00+00:00,3103.61,3108.18,3098.1,3098.54,2938.6367
2025-12-14 13:00:00+00:00,3098.53,3098.53,3077.52,3091.06,3966.295
2025-12-14 13:15:00+00:00,3091.05,3097.25,3085.84,3091.37,2353.9281
2025-12-14 13:30:00+00:00,3091.38,3096.43,3086.99,3089.8,2367.7495
2025-12-14 13:45:00+00:00,3089.8,3102.89,3087.45,3101.54,2123.8881
2025-12-14 14:00:00+00:00,3101.55,3107.63,3097.42,3097.42,2196.0897
2025-12-14 14:15:00+00:00,3097.42,3099.4,3090.75,3095.66,1208.7494
2025-12-14 14:30:00+00:00,3095.66,3095.66,3075.87,3077.42,4173.1891
2025-12-14 14:45:00+00:00,3077.43,3088.23,3074.64,3085.84,3059.6596
2025-12-14 15:00:00+00:00,3085.84,3087.86,3070.5,3075.38,3581.9276
2025-12-14 15:15:00+00:00,3075.38,3084.89,3072.98,3078.89,2910.6708
2025-12-14 15:30:00+00:00,3078.89,3087.3,3074.33,3084.82,2185.5791
2025-12-14 15:45:00+00:00,3084.81,3085.95,3081.73,3084.51,810.4294
2025-12-14 16:00:00+00:00,3084.51,3084.65,3078.0,3083.04,1595.686
2025-12-14 16:15:00+00:00,3083.04,3107.89,3081.0,3100.04,3690.0925
2025-12-14 16:30:00+00:00,3100.04,3103.25,3083.68,3086.33,3050.9847
2025-12-14 16:45:00+00:00,3086.32,3099.64,3085.72,3097.75,4422.6961
2025-12-14 17:00:00+00:00,3097.76,3103.94,3075.08,3079.85,3275.9602
2025-12-14 17:15:00+00:00,3079.85,3090.17,3076.04,3081.79,1908.8017
2025-12-14 17:30:00+00:00,3081.8,3085.58,3074.29,3082.27,1728.9773
2025-12-14 17:45:00+00:00,3082.27,3089.25,3077.95,3084.95,14346.8596
2025-12-14 18:00:00+00:00,3084.96,3093.92,3080.74,3089.99,1440.2833
2025-12-14 18:15:00+00:00,3089.99,3097.46,3082.1,3087.3,10621.446
2025-12-14 18:30:00+00:00,3087.29,3098.01,3087.29,3094.14,7299.984
2025-12-14 18:45:00+00:00,3094.14,3105.19,3090.33,3101.73,16430.365
2025-12-14 19:00:00+00:00,3101.73,3101.91,3088.96,3092.95,5955.8354
2025-12-14 19:15:00+00:00,3092.95,3097.34,3087.94,3097.33,7356.4535
2025-12-14 19:30:00+00:00,3097.33,3098.01,3087.5,3091.29,2754.6937
2025-12-14 19:45:00+00:00,3091.29,3095.12,3086.26,3093.71,2612.8405
2025-12-14 20:00:00+00:00,3093.71,3096.38,3063.15,3096.31,10613.3939
2025-12-14 20:15:00+00:00,3096.32,3097.1,3086.7,3089.63,2708.7614
2025-12-14 20:30:00+00:00,3089.62,3093.1,3086.56,3092.57,1209.845
2025-12-14 20:45:00+00:00,3092.58,3095.15,3082.06,3082.89,1500.5722
2025-12-14 21:00:00+00:00,3082.88,3085.21,3077.5,3084.93,1410.6237
2025-12-14 21:15:00+00:00,3084.93,3091.19,3084.68,3086.61,776.4676
2025-12-14 21:30:00+00:00,3086.61,3086.61,3077.67,3082.42,938.5757
2025-12-14 21:45:00+00:00,3082.43,3083.31,3077.1,3081.86,859.8406
2025-12-14 22:00:00+00:00,3081.86,3089.47,3075.04,3080.4,1543.2057
2025-12-14 22:15:00+00:00,3080.39,3087.29,3073.24,3075.24,1713.1881
2025-12-14 22:30:00+00:00,3075.24,3075.24,3054.41,3063.93,6777.3637
2025-12-14 22:45:00+00:00,3063.93,3075.75,3055.17,3074.24,2350.6535
2025-12-14 23:00:00+00:00,3074.24,3091.2,3063.13,3067.25,4074.0765
2025-12-14 23:15:00+00:00,3067.24,3073.77,3056.84,3062.64,3187.0629
2025-12-14 23:30:00+00:00,3062.65,3065.58,3024.44,3057.5,15833.5749
2025-12-14 23:45:00+00:00,3057.5,3068.9,3050.08,3063.5,2902.629
2025-12-15 00:00:00+00:00,3063.49,3084.84,3057.64,3060.3,6142.7339
2025-12-15 00:15:00+00:00,3060.3,3080.72,3056.7,3074.19,3222.7496
2025-12-15 00:30:00+00:00,3074.2,3081.87,3057.15,3061.58,4744.8563
2025-12-15 00:45:00+00:00,3061.58,3078.0,3059.3,3074.72,2198.1992
2025-12-15 01:00:00+00:00,3074.72,3078.0,3066.42,3076.09,2626.1314
2025-12-15 01:15:00+00:00,3076.1,3080.0,3070.39,3076.24,1562.4813
2025-12-15 01:30:00+00:00,3076.24,3120.22,3073.51,3106.82,8251.8852
2025-12-15 01:45:00+00:00,3106.81,3119.39,3100.37,3108.54,4425.1883
2025-12-15 02:00:00+00:00,3108.54,3131.43,3107.0,3120.94,5430.0249
2025-12-15 02:15:00+00:00,3120.94,3150.92,3120.71,3134.67,13475.5254
2025-12-15 02:30:00+00:00,3134.68,3138.43,3115.79,3121.82,4589.099
2025-12-15 02:45:00+00:00,3121.81,3125.01,3115.82,3120.27,2803.2741
2025-12-15 03:00:00+00:00,3120.26,3125.98,3115.67,3120.49,2572.9716
2025-12-15 03:15:00+00:00,3120.49,3126.16,3117.09,3117.09,1493.347
2025-12-15 03:30:00+00:00,3117.09,3118.72,3109.96,3115.54,2026.7111
2025-12-15 03:45:00+00:00,3115.54,3116.84,3107.15,3108.68,2664.7262
2025-12-15 04:00:00+00:00,3108.68,3116.23,3108.67,3114.46,1489.3303
2025-12-15 04:15:00+00:00,3114.46,3118.73,3104.02,3108.8,1525.1254
2025-12-15 04:30:00+00:00,3108.79,3122.14,3106.21,3121.2,1873.7317
2025-12-15 04:45:00+00:00,3121.21,3127.13,3119.47,3123.79,1319.9174
2025-12-15 05:00:00+00:00,3123.8,3124.97,3120.23,3121.64,1308.685
2025-12-15 05:15:00+00:00,3121.64,3123.55,3119.83,3122.63,1326.0431
2025-12-15 05:30:00+00:00,3122.62,3122.62,3116.57,3117.29,1214.1606
2025-12-15 05:45:00+00:00,3117.29,3121.0,3115.01,3120.28,1095.2135
2025-12-15 06:00:00+00:00,3120.29,3121.31,3115.47,3117.41,2149.8492
2025-12-15 06:15:00+00:00,3117.41,3121.99,3117.01,3120.51,1141.7399
2025-12-15 06:30:00+00:00,3120.51,3129.05,3120.5,3128.01,3297.8752
2025-12-15 06:45:00+00:00,3128.01,3145.0,3128.0,3137.28,6329.0921
2025-12-15 07:00:00+00:00,3137.29,3142.01,3124.69,3128.49,4847.7414
2025-12-15 07:15:00+00:00,3128.5,3132.33,3127.2,3127.52,1953.1098
2025-12-15 07:30:00+00:00,3127.51,3130.74,3122.87,3124.92,2084.0756
2025-12-15 07:45:00+00:00,3124.91,3131.0,3123.08,3128.9,1422.3992
2025-12-15 08:00:00+00:00,3128.91,3134.79,3125.86,3128.23,3452.0517
2025-12-15 08:15:00+00:00,3128.23,3143.81,3128.23,3139.96,2779.577
2025-12-15 08:30:00+00:00,3139.96,3142.04,3138.0,3141.3,1808.509
2025-12-15 08:45:00+00:00,3141.3,3144.57,3139.19,3139.84,1632.1544
2025-12-15 09:00:00+00:00,3139.84,3147.5,3139.06,3145.43,2015.1282
2025-12-15 09:15:00+00:00,3145.43,3149.49,3142.99,3146.47,1872.1448
2025-12-15 09:30:00+00:00,3146.48,3149.86,3143.54,3146.74,1777.5651
2025-12-15 09:45:00+00:00,3146.74,3161.25,3143.14,3153.79,7095.1277
2025-12-15 10:00:00+00:00,3153.79,3158.73,3151.21,3158.08,1569.1739
2025-12-15 10:15:00+00:00,3158.08,3174.64,3153.22,3167.55,6530.948
2025-12-15 10:30:00+00:00,3167.56,3177.5,3156.63,3157.59,6120.7884
2025-12-15 10:45:00+00:00,3157.58,3159.67,3154.54,3159.67,1558.351
2025-12-15 11:00:00+00:00,3159.67,3162.75,3155.92,3157.41,1510.7599
2025-12-15 11:15:00+00:00,3157.4,3160.8,3155.84,3159.82,985.0358
2025-12-15 11:30:00+00:00,3159.82,3160.0,3146.0,3147.13,3853.7081
2025-12-15 11:45:00+00:00,3147.12,3157.83,3147.12,3156.73,1305.4273
2025-12-15 12:00:00+00:00,3156.73,3157.71,3148.29,3149.08,1885.4773
2025-12-15 12:15:00+00:00,3149.08,3154.99,3148.86,3149.55,1531.6736
2025-12-15 12:30:00+00:00,3149.55,3155.0,3149.55,3152.79,1661.4308
2025-12-15 12:45:00+00:00,3152.77,3159.14,3149.36,3155.96,2613.2927
2025-12-15 13:00:00+00:00,3155.97,3156.96,3136.58,3142.2,6211.2479
2025-12-15 13:15:00+00:00,3142.19,3143.78,3132.44,3138.37,2491.0566
2025-12-15 13:30:00+00:00,3138.37,3140.78,3126.55,3136.88,4264.1541
2025-12-15 13:45:00+00:00,3136.88,3140.5,3132.18,3132.18,2077.6171
2025-12-15 14:00:00+00:00,3132.19,3138.62,3130.64,3138.43,2595.5472
2025-12-15 14:15:00+00:00,3138.42,3146.12,3123.25,3130.02,4404.851
2025-12-15 14:30:00+00:00,3130.02,3146.91,3115.13,3122.89,9918.5208
2025-12-15 14:45:00+00:00,3122.88,3127.65,3032.26,3048.72,37225.6557
2025-12-15 15:00:00+00:00,3048.72,3060.0,3013.66,3034.31,32938.2751
2025-12-15 15:15:00+00:00,3034.3,3035.82,2990.0,3001.42,31399.3849
2025-12-15 15:30:00+00:00,3001.41,3014.36,2986.05,3013.45,13299.1244
2025-12-15 15:45:00+00:00,3013.36,3028.61,2995.66,3010.96,10796.0305
2025-12-15 16:00:00+00:00,3010.97,3017.77,2999.64,3003.01,7677.1141
2025-12-15 16:15:00+00:00,3003.0,3014.23,3001.11,3004.65,9955.586
2025-12-15 16:30:00+00:00,3004.56,3006.16,2967.28,2973.0,17178.4204
2025-12-15 16:45:00+00:00,2973.0,2993.48,2969.43,2988.94,6839.1131
2025-12-15 17:00:00+00:00,2988.94,2993.62,2972.64,2974.27,5343.9382
2025-12-15 17:15:00+00:00,2974.27,2984.31,2967.3,2974.43,4924.0168
2025-12-15 17:30:00+00:00,2974.44,2978.26,2946.0,2954.0,12865.2137
2025-12-15 17:45:00+00:00,2954.0,2957.38,2932.74,2937.19,8717.4864
2025-12-15 18:00:00+00:00,2937.18,2943.49,2927.64,2937.23,7680.1842
2025-12-15 18:15:00+00:00,2937.24,2940.86,2923.75,2928.26,4105.2774
2025-12-15 18:30:00+00:00,2928.26,2929.65,2894.57,2919.05,15987.7131
2025-12-15 18:45:00+00:00,2919.05,2944.23,2914.66,2938.0,11743.8414
2025-12-15 19:00:00+00:00,2938.0,2964.5,2927.12,2932.97,21220.986
2025-12-15 19:15:00+00:00,2932.96,2954.34,2930.73,2946.0,5167.5939
2025-12-15 19:30:00+00:00,2946.0,2956.29,2943.79,2946.11,3572.7818
2025-12-15 19:45:00+00:00,2946.1,2946.99,2934.6,2940.3,3743.5231
2025-12-15 20:00:00+00:00,2940.29,2941.58,2921.99,2925.01,5645.3024
2025-12-15 20:15:00+00:00,2925.01,2930.1,2916.67,2924.57,5114.6609
2025-12-15 20:30:00+00:00,2924.57,2947.36,2922.47,2938.35,5314.1433
2025-12-15 20:45:00+00:00,2938.35,2938.88,2926.14,2929.18,4810.7791
2025-12-15 21:00:00+00:00,2929.08,2931.75,2919.25,2923.3,3906.3812
2025-12-15 21:15:00+00:00,2923.29,2946.27,2922.21,2944.76,5140.9448
2025-12-15 21:30:00+00:00,2944.77,2947.73,2937.49,2938.05,4530.0969
2025-12-15 21:45:00+00:00,2938.05,2947.07,2936.2,2946.23,1681.733
2025-12-15 22:00:00+00:00,2946.23,2946.79,2940.13,2941.31,2836.5447
2025-12-15 22:15:00+00:00,2941.3,2943.35,2936.07,2940.2,2101.2465
2025-12-15 22:30:00+00:00,2940.2,2942.99,2936.92,2941.43,2149.7897
2025-12-15 22:45:00+00:00,2941.42,2952.66,2938.7,2952.03,2234.5651
2025-12-15 23:00:00+00:00,2952.03,2969.29,2949.42,2968.36,6083.3858
2025-12-15 23:15:00+00:00,2968.36,2968.37,2953.32,2959.89,3386.2337
2025-12-15 23:30:00+00:00,2959.88,2965.92,2957.21,2965.65,2856.7473
2025-12-15 23:45:00+00:00,2965.65,2967.07,2959.73,2964.85,2206.8276
2025-12-16 00:00:00+00:00,2964.85,2974.07,2960.56,2969.66,3069.5659
2025-12-16 00:15:00+00:00,2969.65,2978.26,2962.48,2974.06,2151.2074
2025-12-16 00:30:00+00:00,2974.06,2974.06,2956.49,2962.25,2563.289
2025-12-16 00:45:00+00:00,2962.25,2963.25,2940.39,2942.3,4307.7281
2025-12-16 01:00:00+00:00,2942.29,2961.94,2937.41,2955.46,4636.7251
2025-12-16 01:15:00+00:00,2955.46,2960.56,2946.66,2949.73,2293.354
2025-12-16 01:30:00+00:00,2949.73,2956.72,2935.25,2943.99,3887.722
2025-12-16 01:45:00+00:00,2943.98,2949.43,2938.33,2946.73,3616.0652
2025-12-16 02:00:00+00:00,2946.73,2949.82,2938.59,2946.95,2009.4998
2025-12-16 02:15:00+00:00,2946.95,2966.34,2942.66,2964.33,2468.5062
2025-12-16 02:30:00+00:00,2964.33,2965.01,2953.49,2955.07,4000.53
2025-12-16 02:45:00+00:00,2955.07,2957.19,2942.86,2945.85,2365.1075
2025-12-16 03:00:00+00:00,2945.85,2950.5,2928.51,2930.33,3246.6415
2025-12-16 03:15:00+00:00,2930.34,2941.0,2929.0,2941.0,2648.1249
2025-12-16 03:30:00+00:00,2941.0,2941.0,2922.64,2934.34,4449.0718
2025-12-16 03:45:00+00:00,2934.33,2940.0,2931.56,2937.0,2439.3111
2025-12-16 04:00:00+00:00,2936.99,2939.99,2927.67,2927.68,3513.9453
2025-12-16 04:15:00+00:00,2927.68,2931.69,2917.18,2920.97,3806.7306
2025-12-16 04:30:00+00:00,2920.97,2922.0,2902.75,2911.21,6990.2118
2025-12-16 04:45:00+00:00,2911.21,2918.88,2876.0,2918.17,15311.1576
2025-12-16 05:00:00+00:00,2918.17,2925.76,2916.49,2917.55,3554.5832
2025-12-16 05:15:00+00:00,2917.55,2924.9,2914.72,2916.79,2914.4527
2025-12-16 05:30:00+00:00,2916.79,2925.58,2912.58,2923.0,4996.9368
2025-12-16 05:45:00+00:00,2923.0,2927.92,2917.1,2922.85,2808.638
2025-12-16 06:00:00+00:00,2922.85,2937.88,2922.85,2933.83,2251.5493
2025-12-16 06:15:00+00:00,2933.82,2945.85,2933.5,2942.41,3035.1205
2025-12-16 06:30:00+00:00,2942.41,2942.94,2939.06,2941.13,1359.5756
2025-12-16 06:45:00+00:00,2941.13,2951.45,2940.73,2945.7,2971.6706
2025-12-16 07:00:00+00:00,2945.7,2948.21,2935.58,2935.99,3025.6596
2025-12-16 07:15:00+00:00,2936.0,2938.12,2929.23,2931.13,2761.3114
2025-12-16 07:30:00+00:00,2931.14,2934.67,2918.21,2920.43,3640.8338
2025-12-16 07:45:00+00:00,2920.44,2928.58,2919.55,2924.11,2751.8619
2025-12-16 08:00:00+00:00,2924.1,2934.21,2923.92,2930.0,3524.7958
2025-12-16 08:15:00+00:00,2930.0,2930.52,2920.02,2928.91,5213.4908
2025-12-16 08:30:00+00:00,2928.92,2935.89,2924.58,2935.89,4158.7519
2025-12-16 08:45:00+00:00,2935.88,2940.32,2926.26,2931.45,3981.156
2025-12-16 09:00:00+00:00,2931.45,2932.25,2926.8,2930.41,1941.3718
2025-12-16 09:15:00+00:00,2930.42,2931.88,2923.59,2929.76,2281.3803
2025-12-16 09:30:00+00:00,2929.75,2935.62,2925.06,2932.2,2442.8833
2025-12-16 09:45:00+00:00,2932.2,2933.5,2924.57,2926.93,1332.6026
2025-12-16 10:00:00+00:00,2926.93,2931.08,2921.26,2928.71,843.6018
2025-12-16 10:15:00+00:00,2928.72,2933.6,2926.74,2928.59,2121.6163
2025-12-16 10:30:00+00:00,2928.6,2962.5,2928.59,2955.73,6420.1814
2025-12-16 10:45:00+00:00,2955.74,2964.14,2942.85,2947.98,5398.2149
2025-12-16 11:00:00+00:00,2947.98,2949.44,2938.01,2948.51,3141.5062
2025-12-16 11:15:00+00:00,2948.52,2958.27,2947.36,2958.27,3017.7896
2025-12-16 11:30:00+00:00,2958.28,2962.7,2952.08,2953.74,3132.4545
2025-12-16 11:45:00+00:00,2953.73,2958.74,2950.6,2957.93,1850.0729
2025-12-16 12:00:00+00:00,2957.93,2964.17,2955.01,2959.32,2785.919
2025-12-16 12:15:00+00:00,2959.31,2960.6,2948.67,2950.13,2138.8015
2025-12-16 12:30:00+00:00,2950.14,2954.41,2947.59,2953.98,1702.6035
2025-12-16 12:45:00+00:00,2953.98,2959.57,2949.29,2951.95,3077.1101
2025-12-16 13:00:00+00:00,2951.94,2954.78,2945.45,2953.27,4307.5743
2025-12-16 13:15:00+00:00,2953.27,2976.21,2949.87,2965.43,8452.4071
2025-12-16 13:30:00+00:00,2965.43,2981.87,2919.41,2932.56,21302.5956
2025-12-16 13:45:00+00:00,2932.55,2939.31,2908.79,2910.67,6455.3228
2025-12-16 14:00:00+00:00,2910.67,2930.0,2886.75,2922.9,17672.932
2025-12-16 14:15:00+00:00,2922.89,2941.88,2917.57,2933.37,5142.2184
2025-12-16 14:30:00+00:00,2933.36,2952.5,2927.14,2935.5,9403.2969
2025-12-16 14:45:00+00:00,2935.5,2960.16,2920.18,2941.35,8820.2712
2025-12-16 15:00:00+00:00,2941.36,2948.5,2923.82,2935.67,4654.6302
2025-12-16 15:15:00+00:00,2935.66,2937.54,2914.26,2925.72,5177.2221
2025-12-16 15:30:00+00:00,2925.71,2941.07,2923.89,2940.12,3771.3749
2025-12-16 15:45:00+00:00,2940.12,2975.99,2938.35,2963.31,12907.0826
2025-12-16 16:00:00+00:00,2963.31,2964.19,2941.4,2948.55,6448.2099
2025-12-16 16:15:00+00:00,2948.54,2957.79,2938.0,2949.25,5698.4993
2025-12-16 16:30:00+00:00,2949.25,2951.04,2925.29,2933.7,5629.1041
2025-12-16 16:45:00+00:00,2933.69,2946.5,2930.0,2938.59,3009.0932
2025-12-16 17:00:00+00:00,2938.58,2954.68,2935.14,2951.34,3781.3756
2025-12-16 17:15:00+00:00,2951.34,2954.14,2926.47,2931.75,2451.0703
2025-12-16 17:30:00+00:00,2931.74,2941.59,2922.49,2927.49,3346.0088
2025-12-16 17:45:00+00:00,2927.49,2930.63,2917.01,2919.62,3444.7328
2025-12-16 18:00:00+00:00,2919.62,2933.86,2912.15,2931.06,4507.3508
2025-12-16 18:15:00+00:00,2931.06,2933.23,2924.01,2929.5,2048.2082
2025-12-16 18:30:00+00:00,2929.5,2953.2,2929.5,2951.6,4483.5765
2025-12-16 18:45:00+00:00,2951.59,2968.0,2949.46,2952.13,5196.0285
2025-12-16 19:00:00+00:00,2952.13,2952.32,2924.61,2925.56,5548.9223
2025-12-16 19:15:00+00:00,2925.56,2933.14,2920.64,2930.91,3018.3057
2025-12-16 19:30:00+00:00,2930.91,2947.37,2929.99,2945.31,3580.4128
2025-12-16 19:45:00+00:00,2945.32,2961.38,2942.14,2945.58,8365.6334
2025-12-16 20:00:00+00:00,2945.57,2954.69,2943.21,2947.88,1982.4955
2025-12-16 20:15:00+00:00,2947.87,2955.26,2943.4,2951.41,1513.8286
2025-12-16 20:30:00+00:00,2951.4,2963.18,2949.72,2961.21,2664.1325
2025-12-16 20:45:00+00:00,2961.2,2963.33,2947.07,2947.53,2814.8075
2025-12-16 21:00:00+00:00,2947.53,2948.81,2938.08,2942.7,1535.3458
2025-12-16 21:15:00+00:00,2942.7,2949.45,2940.95,2948.72,1255.1518
2025-12-16 21:30:00+00:00,2948.71,2957.97,2948.71,2955.83,1423.8334
2025-12-16 21:45:00+00:00,2955.83,2956.25,2950.0,2951.44,1759.35
2025-12-16 22:00:00+00:00,2951.43,2956.58,2944.35,2947.1,1013.8526
2025-12-16 22:15:00+00:00,2947.11,2956.63,2947.11,2956.63,805.5726
2025-12-16 22:30:00+00:00,2956.63,2961.0,2954.0,2955.78,1204.5756
2025-12-16 22:45:00+00:00,2955.78,2957.61,2951.61,2954.23,756.5894
2025-12-16 23:00:00+00:00,2954.24,2954.83,2948.07,2952.32,1005.1626
2025-12-16 23:15:00+00:00,2952.35,2957.24,2950.49,2953.5,966.2012
2025-12-16 23:30:00+00:00,2953.49,2962.25,2952.19,2962.25,980.3175
2025-12-16 23:45:00+00:00,2962.24,2965.73,2958.99,2962.3,1635.4466
2025-12-17 00:00:00+00:00,2962.3,2962.3,2950.99,2951.31,1080.8311
2025-12-17 00:15:00+00:00,2951.32,2956.5,2948.08,2950.69,1779.7153
2025-12-17 00:30:00+00:00,2950.7,2951.59,2944.16,2945.62,903.7397
2025-12-17 00:45:00+00:00,2945.62,2951.37,2944.66,2949.68,618.4816
2025-12-17 01:00:00+00:00,2949.68,2956.99,2949.68,2953.99,889.1026
2025-12-17 01:15:00+00:00,2954.0,2974.27,2954.0,2961.28,3924.6749
2025-12-17 01:30:00+00:00,2961.28,2966.73,2954.6,2955.45,885.3171
2025-12-17 01:45:00+00:00,2955.45,2959.06,2948.79,2954.11,1172.6914
2025-12-17 02:00:00+00:00,2954.12,2955.67,2942.45,2942.49,1169.548
2025-12-17 02:15:00+00:00,2942.5,2949.05,2938.38,2947.97,1318.7571
2025-12-17 02:30:00+00:00,2947.98,2956.14,2943.01,2956.13,1038.474
2025-12-17 02:45:00+00:00,2956.13,2964.66,2953.95,2959.38,1888.5812
2025-12-17 03:00:00+00:00,2959.38,2961.99,2953.73,2955.65,1667.9578
2025-12-17 03:15:00+00:00,2955.66,2957.5,2950.95,2950.96,1142.9031
2025-12-17 03:30:00+00:00,2950.96,2952.0,2945.6,2948.98,1012.5684
2025-12-17 03:45:00+00:00,2948.99,2950.13,2942.75,2947.8,570.0518
2025-12-17 04:00:00+00:00,2947.8,2951.25,2945.3,2948.29,1088.0153
2025-12-17 04:15:00+00:00,2948.3,2948.3,2934.4,2940.01,3525.2983
2025-12-17 04:30:00+00:00,2940.01,2940.58,2926.99,2931.02,2382.1838
2025-12-17 04:45:00+00:00,2931.01,2934.0,2927.82,2932.31,1363.367
2025-12-17 05:00:00+00:00,2932.3,2937.65,2917.56,2933.4,5616.6129
2025-12-17 05:15:00+00:00,2933.41,2934.85,2913.95,2923.8,3489.8176
2025-12-17 05:30:00+00:00,2923.76,2927.5,2917.87,2926.51,1597.0349
2025-12-17 05:45:00+00:00,2926.52,2937.0,2925.45,2930.45,2252.644
2025-12-17 06:00:00+00:00,2930.44,2942.47,2930.22,2941.23,2369.6562
2025-12-17 06:15:00+00:00,2941.23,2942.83,2937.14,2940.39,1280.7619
2025-12-17 06:30:00+00:00,2940.38,2944.26,2935.23,2936.2,2144.8109
2025-12-17 06:45:00+00:00,2936.2,2937.35,2933.44,2936.47,1157.8464
2025-12-17 07:00:00+00:00,2936.48,2943.09,2932.09,2935.49,1690.5827
2025-12-17 07:15:00+00:00,2935.49,2939.99,2932.43,2938.5,1998.2741
2025-12-17 07:30:00+00:00,2938.5,2953.98,2937.75,2950.0,7265.4378
2025-12-17 07:45:00+00:00,2950.0,2950.01,2946.75,2947.92,1084.0976
2025-12-17 08:00:00+00:00,2947.92,2947.92,2940.74,2943.19,2023.2096
2025-12-17 08:15:00+00:00,2943.18,2944.04,2927.38,2929.99,1799.3299
2025-12-17 08:30:00+00:00,2929.99,2932.35,2922.99,2927.07,1500.2864
2025-12-17 08:45:00+00:00,2927.06,2929.13,2922.61,2926.0,3019.1858
2025-12-17 09:00:00+00:00,2926.0,2928.38,2920.0,2927.84,1597.5016
2025-12-17 09:15:00+00:00,2927.84,2933.26,2918.63,2922.96,1657.308
2025-12-17 09:30:00+00:00,2922.95,2928.31,2920.07,2928.09,1098.976
2025-12-17 09:45:00+00:00,2928.09,2928.14,2922.85,2923.25,901.7213
2025-12-17 10:00:00+00:00,2923.25,2928.22,2908.56,2925.57,4732.4098
2025-12-17 10:15:00+00:00,2925.57,2926.14,2920.28,2920.29,1301.7764
2025-12-17 10:30:00+00:00,2920.28,2925.79,2914.73,2924.09,1245.2224
2025-12-17 10:45:00+00:00,2924.09,2926.27,2916.29,2920.44,962.6339
2025-12-17 11:00:00+00:00,2920.43,2930.5,2917.56,2928.08,982.5838
2025-12-17 11:15:00+00:00,2928.07,2929.73,2926.37,2927.89,946.5159
2025-12-17 11:30:00+00:00,2927.9,2934.07,2926.99,2931.19,1791.3517
2025-12-17 11:45:00+00:00,2931.19,2934.42,2926.2,2928.71,2838.9299
2025-12-17 12:00:00+00:00,2928.71,2935.96,2928.33,2934.34,2150.776
2025-12-17 12:15:00+00:00,2934.34,2934.34,2924.17,2926.19,2485.9425
2025-12-17 12:30:00+00:00,2926.19,2933.12,2920.04,2921.11,2119.1634
2025-12-17 12:45:00+00:00,2921.11,2929.0,2919.64,2925.36,1642.5857
2025-12-17 13:00:00+00:00,2925.36,2935.44,2922.67,2922.67,5429.7987
2025-12-17 13:15:00+00:00,2922.68,2927.5,2918.21,2926.45,1986.5674
2025-12-17 13:30:00+00:00,2926.45,2934.42,2924.94,2933.71,1550.1424
2025-12-17 13:45:00+00:00,2933.71,2954.0,2932.99,2944.52,9723.213
2025-12-17 14:00:00+00:00,2944.51,2950.31,2939.51,2941.39,3215.297
2025-12-17 14:15:00+00:00,2941.39,2950.41,2940.72,2942.15,3000.0215
2025-12-17 14:30:00+00:00,2942.15,2950.48,2923.41,2927.4,6427.5496
2025-12-17 14:45:00+00:00,2927.4,2996.91,2886.8,2995.89,54530.8065
2025-12-17 15:00:00+00:00,2995.89,3030.92,2974.8,3021.0,32182.0496
2025-12-17 15:15:00+00:00,3020.99,3027.71,3004.72,3013.92,13693.8417
2025-12-17 15:30:00+00:00,3013.92,3018.3,2945.22,2953.1,31513.5278
2025-12-17 15:45:00+00:00,2953.09,2954.83,2894.54,2904.66,30827.096
2025-12-17 16:00:00+00:00,2904.65,2925.59,2878.03,2878.04,14310.9158
2025-12-17 16:15:00+00:00,2878.04,2885.47,2843.56,2848.46,36754.8887
2025-12-17 16:30:00+00:00,2848.46,2860.0,2833.94,2846.94,13824.4265
2025-12-17 16:45:00+00:00,2846.94,2864.79,2840.76,2864.29,7817.5419
2025-12-17 17:00:00+00:00,2864.29,2871.0,2842.14,2856.4,9006.348
2025-12-17 17:15:00+00:00,2856.4,2878.64,2854.46,2865.97,5528.6758
2025-12-17 17:30:00+00:00,2865.96,2870.59,2847.8,2848.13,6028.3723
2025-12-17 17:45:00+00:00,2848.13,2857.36,2843.19,2847.6,4476.5906
2025-12-17 18:00:00+00:00,2847.61,2862.44,2847.61,2852.58,2290.6018
2025-12-17 18:15:00+00:00,2852.57,2859.88,2846.31,2850.33,3159.437
2025-12-17 18:30:00+00:00,2850.33,2853.59,2819.21,2825.63,8723.0129
2025-12-17 18:45:00+00:00,2825.63,2828.0,2806.0,2813.88,11818.6639
2025-12-17 19:00:00+00:00,2813.88,2815.14,2791.02,2799.55,14466.0269
2025-12-17 19:15:00+00:00,2799.54,2818.57,2798.13,2804.92,7683.6753
2025-12-17 19:30:00+00:00,2804.92,2815.23,2796.55,2807.71,5436.0752
2025-12-17 19:45:00+00:00,2807.72,2821.6,2807.36,2820.28,4227.4668
2025-12-17 20:00:00+00:00,2820.28,2821.6,2798.0,2806.95,7025.8189
2025-12-17 20:15:00+00:00,2806.94,2834.15,2805.94,2830.49,8145.316
2025-12-17 20:30:00+00:00,2830.49,2832.18,2818.34,2827.77,3462.4672
2025-12-17 20:45:00+00:00,2827.77,2829.96,2814.42,2823.05,3858.5723
2025-12-17 21:00:00+00:00,2823.05,2831.2,2822.04,2826.29,1716.3939
2025-12-17 21:15:00+00:00,2826.29,2826.29,2815.72,2820.43,2175.0213
2025-12-17 21:30:00+00:00,2820.43,2822.71,2811.66,2818.31,1570.9132
2025-12-17 21:45:00+00:00,2818.31,2821.32,2813.76,2819.93,1892.7577
2025-12-17 22:00:00+00:00,2819.92,2828.32,2813.62,2824.97,2483.5226
2025-12-17 22:15:00+00:00,2824.96,2837.8,2820.99,2832.07,4089.8523
2025-12-17 22:30:00+00:00,2832.08,2836.19,2825.15,2830.36,3388.11
2025-12-17 22:45:00+00:00,2830.36,2837.21,2825.0,2834.99,1692.9744
2025-12-17 23:00:00+00:00,2835.0,2835.99,2821.02,2822.0,2867.3544
2025-12-17 23:15:00+00:00,2822.0,2825.35,2818.19,2825.34,2071.4087
2025-12-17 23:30:00+00:00,2825.35,2830.66,2821.49,2828.6,1538.1647
2025-12-17 23:45:00+00:00,2828.61,2834.45,2827.43,2833.49,1851.8915
2025-12-18 00:00:00+00:00,2833.5,2835.54,2826.35,2831.84,1597.3695
2025-12-18 00:15:00+00:00,2831.84,2836.32,2827.49,2835.14,1291.5005
2025-12-18 00:30:00+00:00,2835.15,2837.6,2832.5,2832.91,1542.9873
2025-12-18 00:45:00+00:00,2832.92,2838.44,2832.91,2836.27,1342.1329
2025-12-18 01:00:00+00:00,2836.28,2836.28,2821.68,2828.94,2302.0867
2025-12-18 01:15:00+00:00,2828.95,2831.66,2822.35,2826.02,2022.5008
2025-12-18 01:30:00+00:00,2826.02,2831.2,2824.23,2829.1,1525.178
2025-12-18 01:45:00+00:00,2829.11,2833.07,2821.34,2827.2,1943.5047
2025-12-18 02:00:00+00:00,2827.21,2831.64,2822.0,2827.63,1789.6725
